Chem index	InChIKey	Drug name
189674	COLNVLDHVKWLRT-QMMMGPOBSA-N	L-Phenylalanine
102374	OEYIOHPDSNJKLS-UHFFFAOYSA-N	Choline
110436	PFNFFQXMRSDOHW-UHFFFAOYSA-N	Spermine
143261	UDMBCSSLTHHNCD-KQYNXXCUSA-N	Adenosine monophosphate
29458	DTOSIQBPPRVQHS-PDBXOOCHSA-N	Alpha-Linolenic Acid
42926	GMRQFYUYWCNGIN-NKMMMXOESA-N	Calcitriol
71377	KDYFGRWQOYBRFD-UHFFFAOYSA-N	Succinic acid
25883	DHMQDGOQFOQNFH-UHFFFAOYSA-N	Glycine
70094	JZRWCGZRTZMZEH-UHFFFAOYSA-N	Thiamine
50954	HOBAELRKJCKHQD-QNEBEIHSSA-N	Dihomo-gamma-linolenic acid
62469	JAZBEHYOTPTENJ-JLNKQSITSA-N	Icosapent
192354	FPIPGXGPPPQFEQ-OVSJKPMPSA-N	Vitamin A
1926	AGBQKNBQESQNJD-UHFFFAOYSA-N	Lipoic Acid
193140	QYSXJUFSXHHAJI-YRZJJWOYSA-N	Cholecalciferol
88500	MJVAVZPDRWSRRC-UHFFFAOYSA-N	Menadione
40686	GFFGJBXGBJISGV-UHFFFAOYSA-N	Adenine
140634	TUZYXOIXSAXUGO-PZAWKZKUSA-N	Pravastatin
18608	CJOFXWAVKWHTFT-XSFVSMFZSA-N	Fluvoxamine
913	ACWBQPMHZXGDFX-QFIPXVFZSA-N	Valsartan
47664	HDACQVRGBOVJII-JBDAPHQKSA-N	Ramipril
189344	HCZKYJDFEPMADG-TXEJJXNPSA-N	Masoprocol
171165	XSFJVAJPIHIPKU-XWCQMRHXSA-N	Flunisolide
74890	KPYSYYIEGFHWSV-UHFFFAOYSA-N	Baclofen
76980	KWTSXDURSIMDCE-UHFFFAOYSA-N	Amphetamine
5077	AQNDDEOPVVGCPG-UHFFFAOYSA-N	Esmolol
46030	GXJABQQUPOEUTA-RDJZCZTQSA-N	Bortezomib
122430	QTAOMKOIBXZKND-PPHPATTJSA-N	Carbidopa
103486	OIRDTQYFTABQOQ-UHTZMRCNSA-N	Vidarabine
99805	NWIUTZDMDHAVTP-UHFFFAOYSA-N	Betaxolol
189198	RFHAOTPXVQNOHP-UHFFFAOYSA-N	Fluconazole
155700	VSZGPKBBMSAYNT-RRFJBIMHSA-N	Oseltamivir
145570	ULGZDMOVFRHVEP-RWJQBGPGSA-N	Erythromycin
132127	RYYVLZVUVIJVGH-UHFFFAOYSA-N	Caffeine
24936	DEIYFTQMQPDXOT-UHFFFAOYSA-N	Sildenafil Citrate
12138	BNRNXUUZRGQAQC-UHFFFAOYSA-N	Sildenafil
61562	IXTMWRCNAAVVAI-UHFFFAOYSA-N	Dofetilide
161131	WKSAUQYGYAYLPV-UHFFFAOYSA-N	Pyrimethamine
118190	QEVHRUUCFGRFIF-MDEJGZGSSA-N	Reserpine
90562	MQTOSJVFKKJCRP-BICOPXKESA-N	Azithromycin
111196	PHWBOXQYWZNQIN-UHFFFAOYSA-N	Ticlopidine
59440	IQPSEEYGBUAQFF-UHFFFAOYSA-N	Pantoprazole
163361	WSEQXVZVJXJVFP-UHFFFAOYSA-N	Citalopram
31386	FABPRXSRWADJSP-MEDUHNTESA-N	Moxifloxacin
116847	QAGYKUNXZHXKMR-HKWSIXNMSA-N	Nelfinavir
16271	CBVCZFGXHXORBI-PXQQMZJSSA-N	Indinavir
109664	PCZOHLXUXFIOCF-BXMDZJJMSA-N	Lovastatin
7651	AYXYPKUFHZROOJ-ZETCQYMHSA-N	Pregabalin
16215	CBQGYUDMJHNJBX-OALUTQOASA-N	Reboxetine
116674	PZRHRDRVRGEVNW-UHFFFAOYSA-N	Milrinone
98062	NQDJXKOVJZTUJA-UHFFFAOYSA-N	Nevirapine
70644	KBOPZPXVLCULAV-UHFFFAOYSA-N	Mesalazine
41663	GIJXKZJWITVLHI-PMOLBWCYSA-N	Benzatropine
92055	MVWVFYHBGMAFLY-UHFFFAOYSA-N	Ziprasidone
170581	XQFRJNBWHJMXHO-RRKCRQDMSA-N	Idoxuridine
90438	MQJKPEGWNLWLTK-UHFFFAOYSA-N	Dapsone
11505	BLSQLHNBWJLIBQ-OZXSUGGESA-N	Terconazole
22811	CXOFVDLJLONNDW-UHFFFAOYSA-N	Phenytoin
62611	JBIWCJUYHHGXTC-AKNGSSGZSA-N	Doxycycline
126504	RGLYKWWBQGJZGM-ISLYRVAYSA-N	Diethylstilbestrol
153909	VNFPBHJOKIVQEB-UHFFFAOYSA-N	Clotrimazole
32387	FDDDEECHVMSUSB-UHFFFAOYSA-N	Sulfanilamide
192455	OTBXOEAOVRKTNQ-UHFFFAOYSA-N	Anagrelide
27048	DLGOEMSEDOSKAD-UHFFFAOYSA-N	Carmustine
95557	NHUHCSRWZMLRLA-UHFFFAOYSA-N	Sulfisoxazole
60476	IUBSYMUCCVWXPE-UHFFFAOYSA-N	Metoprolol
27870	DOBMPNYZJYQDGZ-UHFFFAOYSA-N	Dicoumarol
144480	UHSKFQJFRQCDBE-UHFFFAOYSA-N	Ropinirole
50456	HMJIYCCIJYRONP-UHFFFAOYSA-N	Isradipine
72828	KJADKKWYZYXHBB-XBWDGYHZSA-N	Topiramate
155914	VTRAEEWXHOVJFV-UHFFFAOYSA-N	Olmesartan
166513	XCPGHVQEEXUHNC-UHFFFAOYSA-N	Amsacrine
183108	ZFXYFBGIUFBOJW-UHFFFAOYSA-N	Theophylline
192209	KXNPVXPOPUZYGB-XYVMCAHJSA-N	Argatroban
133012	SBXXSUDPJJJJLC-YDALLXLXSA-M	Liothyronine Sodium
6473	AUYYCJSJGJYCDS-LBPRGKRZSA-N	Liothyronine
97231	NNJVILVZKWQKPM-UHFFFAOYSA-N	Lidocaine
163241	WRUUGTRCQOWXEG-UHFFFAOYSA-N	Pamidronate
177583	YNNUSGIPVFPVBX-NHCUHLMSSA-N	Clemastine
113056	PNVNVHUZROJLTJ-UHFFFAOYSA-N	Venlafaxine
152082	VHGCDTVCOLNTBX-QGZVFWFLSA-N	Atomoxetine
62970	JCKYGMPEJWAADB-UHFFFAOYSA-N	Chlorambucil
97946	NPUKDXXFDDZOKR-LLVKDONJSA-N	Etomidate
60942	IVTVGDXNLFLDRM-HNNXBMFYSA-N	Raltitrexed
12919	BQJCRHHNABKAKU-KBQPJGBKSA-N	Morphine
126330	RFWZESUMWJKKRN-UHFFFAOYSA-N	Dapiprazole
66474	JNTOCHDNEULJHD-UHFFFAOYSA-N	Penciclovir
46265	GYDJEQRTZSCIOI-LJGSYFOKSA-N	Tranexamic Acid
3529	ALOBUEHUHMBRLE-UHFFFAOYSA-N	Ibutilide
64973	JIVPVXMEBJLZRO-UHFFFAOYSA-N	Chlorthalidone
159362	WEXRUCMBJFQVBZ-UHFFFAOYSA-N	Pentobarbital
95732	NIJJYAXOARWZEE-UHFFFAOYSA-N	Valproic Acid
132392	RZVAJINKPMORJF-UHFFFAOYSA-N	Acetaminophen
167565	XGALLCVXEZPNRQ-UHFFFAOYSA-N	Gefitinib
84187	LUZRJRNZXALNLM-JGRZULCMSA-N	Dihydroergotamine
75349	KRMDCWKBEZIMAB-UHFFFAOYSA-N	Amitriptyline
101925	ODKNJVUHOIMIIZ-RRKCRQDMSA-N	Floxuridine
88154	MIQPIUSUKVNLNT-UHFFFAOYSA-N	Tolcapone
31553	FAOZLTXFLGPHNG-KNAQIMQKSA-N	Fluorometholone
17653	CGIGDMFJXJATDK-UHFFFAOYSA-N	Indomethacin
1486	AEUTYOVWOVBAKS-UWVGGRQHSA-N	Ethambutol
147837	USSIQXCVUWKGNF-UHFFFAOYSA-N	Methadone
76720	KVWDHTXUZHCGIO-UHFFFAOYSA-N	Olanzapine
87034	METKIMKYRPQLGS-UHFFFAOYSA-N	Atenolol
54550	IAIWVQXQOWNYOU-FPYGCLRLSA-N	Nitrofural
138438	SUBDBMMJDZJVOS-UHFFFAOYSA-N	Omeprazole
88311	MJFJKKXQDNNUJF-UHFFFAOYSA-N	Metixene
184403	ZKLPARSLTMPFCP-UHFFFAOYSA-N	Cetirizine
52362	HSUGRBWQSSZJOP-RTWAWAEBSA-N	Diltiazem
14723	BWPIARFWQZKAIA-UHFFFAOYSA-N	Protriptyline
52273	HSMNQINEKMPTIC-UHFFFAOYSA-N	Aminohippurate
106944	OUBCNLGXQFSTLU-UHFFFAOYSA-N	Nitisinone
165370	WYWHKKSPHMUBEB-UHFFFAOYSA-N	Tioguanine
146105	UNBRKDKAWYKMIV-QWQRMKEZSA-N	Methylergometrine
165597	WZPBZJONDBGPKJ-VEHQQRBSSA-N	Aztreonam
141945	TZFWDZFKRBELIQ-UHFFFAOYSA-N	Chlorzoxazone
128821	ROBVIMPUHSLWNV-UHFFFAOYSA-N	Aminoglutethimide
159320	WESWYMRNZNDGBX-YLCXCWDSSA-N	Mefloquine Hydrochloride
167003	XEEQGYMUWCZPDN-UHFFFAOYSA-N	Mefloquine
64644	JHVAMHSQVVQIOT-MFAJLEFUSA-N	Anidulafungin
124482	QZUDBNBUXVUHMW-UHFFFAOYSA-N	Clozapine
156697	VWFCHDSQECPREK-LURJTMIESA-N	Cidofovir
53363	HWHLPVGTWGOCJO-UHFFFAOYSA-N	Trihexyphenidyl
153357	VLPIATFUUWWMKC-UHFFFAOYSA-N	Mexiletine
52525	HTIQEAQVCYTUBX-UHFFFAOYSA-N	Amlodipine
35497	FNYLWPVRPXGIIP-UHFFFAOYSA-N	Triamterene
165157	WYDUSKDSKCASEF-UHFFFAOYSA-N	Procyclidine
83747	LTMHDMANZUZIPE-PUGKRICDSA-N	Digoxin
9969	BGRJTUBHPOOWDU-UHFFFAOYSA-N	Sulpiride
16821	CDOZDBSBBXSXLB-UHFFFAOYSA-N	Ethopropazine
144564	UIAGMCDKSXEBJQ-UHFFFAOYSA-N	Nimodipine
76387	KUVIULQEHSCUHY-XYWKZLDCSA-N	Beclomethasone
127404	RJKFOVLPORLFTN-LEKSSAKUSA-N	Progesterone
60774	IVDHYUQIDRJSTI-UHFFFAOYSA-N	Sorafenib Tosylate 
88882	MLDQJTXFUGDVEO-UHFFFAOYSA-N	Sorafenib
170798	XRASPMIURGNCCH-UHFFFAOYSA-N	Zoledronate
24788	DDUHZTYCFQRHIY-RBHXEPJQSA-N	Griseofulvin
153051	VKQFCGNPDRICFG-UHFFFAOYSA-N	Nisoldipine
196438	GBBSUAFBMRNDJC-INIZCTEOSA-N	Eszopiclone
155147	VREFGVBLTWBCJP-UHFFFAOYSA-N	Alprazolam
188290	ZXJXZNDDNMQXFV-UHFFFAOYSA-M	Gentian Violet Chloride
195501	LGLFFNDHMLKUMI-UHFFFAOYSA-N	Gentian Violet
196489	XJGVXQDUIWGIRW-UHFFFAOYSA-N	Loxapine
2773	AIXAANGOTKPUOY-UHFFFAOYSA-N	Carbachol
31591	FASDKYOPVNHBLU-ZETCQYMHSA-N	Pramipexole
6623	AVKUERGKIZMTKX-NJBDSQKTSA-N	Ampicillin
75085	KQPKPCNLIDLUMF-UHFFFAOYSA-N	Secobarbital
147249	UQRORFVVSGFNRO-UTINFBMNSA-N	Miglustat Hydrochloride
147249	UQRORFVVSGFNRO-UTINFBMNSA-N	Miglustat
64977	JIVSXRLRGOICGA-UHFFFAOYSA-N	Promazine Hydrochloride
183345	ZGUGWUXLJSTTMA-UHFFFAOYSA-N	Promazine
84901	LXMSZDCAJNLERA-ZHYRCANASA-N	Spironolactone
29652	DUGOZIWVEXMGBE-UHFFFAOYSA-N	Methylphenidate
181386	ZAFYATHCZYHLPB-UHFFFAOYSA-N	Zolpidem
65908	JLYXXMFPNIAWKQ-GNIYUCBRSA-N	Lindane
155599	VSQQQLOSPVPRAZ-RRKCRQDMSA-N	Trifluridine
160425	WIKYUJGCLQQFNW-UHFFFAOYSA-N	Prochlorperazine
65052	JJCFRYNCJDLXIK-UHFFFAOYSA-N	Cyproheptadine
102415	OFCNXPDARWKPPY-UHFFFAOYSA-N	Allopurinol
106104	ORFOPKXBNMVMKC-DWVKKRMSSA-N	Ceftazidime
55661	IEDVJHCEMCRBQM-UHFFFAOYSA-N	Trimethoprim
147383	UREBDLICKHMUKA-DVTGEIKXSA-N	Betamethasone
88337	MJIHNNLFOKEZEW-UHFFFAOYSA-N	Lansoprazole
128222	RMEDXOLNCUSCGS-UHFFFAOYSA-N	Droperidol
171767	XUIIKFGFIJCVMT-LBPRGKRZSA-N	Levothyroxine
165763	XADCESSVHJOZHK-UHFFFAOYSA-N	Pethidine
62861	JCCNYMKQOSZNPW-UHFFFAOYSA-N	Loratadine
156069	VUFGUVLLDPOSBC-XRZFDKQNSA-M	Cefalotin Sodium
168400	XIURVHNZVLADCM-IUODEOHRSA-N	Cefalotin
159666	WFXFYZULCQKPIP-UHFFFAOYSA-N	Prazosin Hydrochloride
55775	IENZQIKPVFGBNW-UHFFFAOYSA-N	Prazosin
8623	BCGWQEUPMDMJNV-UHFFFAOYSA-N	Imipramine
11571	BLXXJMDCKKHMKV-UHFFFAOYSA-N	Nabumetone
108697	OZWKMVRBQXNZKK-UHFFFAOYSA-N	Ketorolac
55602	IDYZIJYBMGIQMJ-UHFFFAOYSA-N	Enoxacin
82341	LOUPRKONTZGTKE-WZBLMQSHSA-N	Quinine
23135	CYQFCXCEBYINGO-IAGOWNOFSA-N	Dronabinol
142946	UCHDWCPVSPXUMX-TZIWLTJVSA-N	Montelukast
130382	RTHCYVBBDHJXIQ-UHFFFAOYSA-N	Fluoxetine
4195	ANTSCNMPPGJYLG-UHFFFAOYSA-N	Chlordiazepoxide
182747	ZEUITGRIYCTCEM-KRWDZBQOSA-N	Duloxetine
185828	ZPEIMTDSQAKGNT-UHFFFAOYSA-N	Chlorpromazine
142576	UBCHPRBFMUDMNC-UHFFFAOYSA-N	Rimantadine
11263	BKXVVCILCIUCLG-UHFFFAOYSA-N	Raloxifene Hydrochloride
46747	GZUITABIAKMVPG-UHFFFAOYSA-N	Raloxifene
132197	RZEKVGVHFLEQIL-UHFFFAOYSA-N	Celecoxib
125819	REEUVFCVXKWOFE-UHFFFAOYSA-K	Gallamine Triethiodide
173033	XYLJNLCSTIOKRM-UHFFFAOYSA-N	Brimonidine
190959	GECBBEABIDMGGL-RTBURBONSA-N	Nabilone
148460	UUVWYPNAQBNQJQ-UHFFFAOYSA-N	Altretamine
181747	ZBMZVLHSJCTVON-UHFFFAOYSA-N	Sotalol
123388	QWCRAEMEVRGPNT-UHFFFAOYSA-N	Buspirone
54745	IBAQFPQHRJAVAV-ULAWRXDQSA-N	Miglitol
43781	GPRBEKHLDVQUJE-QSWIMTSFSA-N	Cefotaxime
67734	JRURYQJSLYLRLN-BJMVGYQFSA-N	Entacapone
47230	HBOMLICNUCNMMY-XLPZGREQSA-N	Zidovudine
13342	BRUQQQPBMZOVGD-XFKAJCMBSA-N	Oxycodone
88816	MKXKFYHWDHIYRV-UHFFFAOYSA-N	Flutamide
146928	UPSPUYADGBWSHF-UHFFFAOYSA-N	Tolmetin
5024	AQIXAKUUQRKLND-UHFFFAOYSA-N	Cimetidine
81844	LNEPOXFFQSENCJ-UHFFFAOYSA-N	Haloperidol
93859	NCDNCNXCDXHOMX-XGKFQTDJSA-N	Ritonavir
108730	OZYUPQUCAUTOBP-QXAKKESOSA-N	Levallorphan
171135	XSCGXQMFQXDFCW-UHFFFAOYSA-N	Triflupromazine
136028	SLXKOJJOQWFEFD-UHFFFAOYSA-N	Aminocaproic Acid
88825	MKXZASYAUGDDCJ-NJAFHUGGSA-N	Dextromethorphan
69651	JYIKNQVWKBUSNH-OGZDCFRISA-N	Caspofungin
134614	SHGAZHPCJJPHSC-ZVCIMWCZSA-N	Alitretinoin
37522	FUSNMLFNXJSCDI-UHFFFAOYSA-N	Tolnaftate
60813	IVHBBMHQKZBJEU-UHFFFAOYSA-N	Cinchocaine hydrochloride
183997	ZJAOAACCNHFJAH-UHFFFAOYSA-N	Foscarnet
44946	GTTBEUCJPZQMDZ-UHFFFAOYSA-N	Erlotinib Hydrochloride
130	AAKJLRGGTJKAMG-UHFFFAOYSA-N	Erlotinib
130594	RTXOFQZKPXMALH-GHXIOONMSA-N	Cefdinir
92842	MYSWGUAQZAJSOK-UHFFFAOYSA-N	Ciprofloxacin
111182	PHVGLTMQBUFIQQ-UHFFFAOYSA-N	Nortriptyline
102925	OGWKCGZFUXNPDA-XQKSVPLYSA-N	Vincristine
170258	XPCFTKFZXHTYIP-PMACEKPBSA-N	Benazepril
123434	QWGDMFLQWFTERH-UHFFFAOYSA-N	Amoxapine
41248	GHASVSINZRGABV-UHFFFAOYSA-N	Fluorouracil
154136	VNYBTNPBYXSMOO-UHFFFAOYSA-M	Pyridostigmine Bromide
131103	RVOLLAQWKVFTGE-UHFFFAOYSA-N	Pyridostigmine
156899	VWVSBHGCDBMOOT-IIEHVVJPSA-N	Desoximetasone
174808	YEEZWCHGZNKEEK-UHFFFAOYSA-N	Zafirlukast
129915	RRUDCFGSUDOHDG-UHFFFAOYSA-N	Acetohydroxamic Acid
192205	FPVKHBSQESCIEP-JQCXWYLXSA-N	Pentostatin
123745	QXKHYNVANLEOEG-UHFFFAOYSA-N	Methoxsalen
124167	QYSPLQLAKJAUJT-UHFFFAOYSA-N	Piroxicam
116472	PYZRQGJRPPTADH-UHFFFAOYSA-N	Lamotrigine
5251	ARAIBEBZBOPLMB-UFGQHTETSA-N	Zanamivir
42024	GJPICJJJRGTNOD-UHFFFAOYSA-N	Bosentan
167305	XFDJYSQDBULQSI-UHFFFAOYSA-N	Doxapram
31880	FBOZXECLQNJBKD-ZDUSSCGKSA-N	Methotrexate
33001	FFGPTBGBLSHEPO-UHFFFAOYSA-N	Carbamazepine
877	ACTRVOBWPAIOHC-UHFFFAOYSA-N	Succimer
25029	DERZBLKQOCDDDZ-JLHYYAGUSA-N	Cinnarizine
5002	AQHHHDLHHXJYJD-UHFFFAOYSA-N	Propranolol
127795	RKUNBYITZUJHSG-SPUOUPEWSA-N	Atropine
125575	RDJGLLICXDHJDY-UHFFFAOYSA-N	Fenoprofen
42072	GJSURZIOUXUGAL-UHFFFAOYSA-N	Clonidine
186048	ZPXSCAKFGYXMGA-UHFFFAOYSA-N	Mazindol
8598	BCEHBSKCWLPMDN-MGPLVRAMSA-N	Voriconazole
39699	GBXSMTUPTTWBMN-XIRDDKMYSA-N	Enalapril
134521	SGXXNSQHWDMGGP-IZZDOVSWSA-N	Nizatidine
74695	KPHWPUGNDIVLNH-UHFFFAOYSA-M	Diclofenac sodium
24396	DCOPUUMXTXDBNB-UHFFFAOYSA-N	Diclofenac
161764	WMWTYOKRWGGJOA-CENSZEJFSA-N	Fluticasone Propionate
11178	BKRGVLQUQGGVSM-KBXCAEBGSA-N	Lisuride
130939	RUZYUOTYCVRMRZ-UHFFFAOYSA-N	Doxazosin
32649	FEBLZLNTKCEFIT-VSXGLTOVSA-N	Fluocinolone Acetonide
171151	XSDQTOBWRPYKKA-UHFFFAOYSA-N	Amiloride
61267	IWVCMVBTMGNXQD-PXOLEDIWSA-N	Oxytetracycline
134478	SGUAFYQXFOLMHL-UHFFFAOYSA-N	Labetalol
157421	VYQNWZOUAUKGHI-UHFFFAOYSA-N	Monobenzone
141865	TYZROVQLWOKYKF-ZDUSSCGKSA-N	Linezolid
114387	PSGAAPLEWMOORI-PEINSRQWSA-N	Medroxyprogesterone Acetate
88972	MLKXDPUZXIRXEP-MFOYZWKCSA-N	Sulindac
160218	WHTVZRBIWZFKQO-UHFFFAOYSA-N	Chloroquine
56023	IFKLAQQSCNILHL-QHAWAJNXSA-N	Butorphanol
176978	YLMAHDNUQAMNNX-UHFFFAOYSA-N	Imatinib Mesylate 
76076	KTUFNOKKBVMGRW-UHFFFAOYSA-N	Imatinib
40773	GFNANZIMVAIWHM-OBYCQNJPSA-N	Triamcinolone
181613	ZBBHBTPTTSWHBA-UHFFFAOYSA-N	Nicardipine
112240	PLDUPXSUYLZYBN-UHFFFAOYSA-N	Fluphenazine
91641	MUMGGOZAMZWBJJ-DYKIIFRCSA-N	Testosterone
170389	XPOQHMRABVBWPR-ZDUSSCGKSA-N	Efavirenz
115387	PVNIIMVLHYAWGP-UHFFFAOYSA-N	Niacin
159100	WDZVGELJXXEGPV-YIXHJXPBSA-N	Guanabenz
102885	OGSPWJRAVKPPFI-UHFFFAOYSA-N	Alendronate
135536	SKIVFJLNDNKQPD-UHFFFAOYSA-N	Sulfacetamide
170029	XOFYZVNMUHMLCC-ZPOLXVRWSA-N	Prednisone
189527	KNHUKKLJHYUCFP-UHFFFAOYSA-N	Clofibrate
45949	GXDALQBWZGODGZ-UHFFFAOYSA-N	Astemizole
103484	OIRDTQYFTABQOQ-KQYNXXCUSA-N	Adenosine
132012	RYMZZMVNJRMUDD-HGQWONQESA-N	Simvastatin
105684	OPXLLQIJSORQAM-UHFFFAOYSA-N	Mebendazole
69021	JWBOIMRXGHLCPP-UHFFFAOYSA-N	Mitotane
194495	GGXICVAJURFBLW-CEYXHVGTSA-N	Latanoprost
27818	DNXHEGUUPJUMQT-CBZIJGRNSA-N	Estrone
111045	PHLBKPHSAVXXEF-UHFFFAOYSA-N	Trazodone
134474	SGTNSNPWRIOYBX-UHFFFAOYSA-N	Verapamil
192518	XWXYUMMDTVBTOU-UHFFFAOYSA-N	Nilutamide
143090	UCTWMZQNUQWSLP-VIFPVBQESA-N	Epinephrine
75038	KQKPFRSPSRPDEB-UHFFFAOYSA-N	Sumatriptan
128262	RMHMFHUVIITRHF-UHFFFAOYSA-N	Pirenzepine
103922	OKBVVJOGVLARMR-QSWIMTSFSA-N	Cefixime
5877	ATALOFNDEOCMKK-OITMNORJSA-N	Aprepitant
121105	QORVDGQLPPAFRS-XPSHAMGMSA-N	Galantamine hydrobromide
5811	ASUTZQLVASHGKV-JDFRZJQESA-N	Galantamine
96211	NKANXQFJJICGDU-QPLCGJKRSA-N	Tamoxifen
133839	SESFRYSPDFLNCH-UHFFFAOYSA-N	Benzyl Benzoate
91522	MUCZHBLJLSDCSD-UHFFFAOYSA-N	Isoflurophate
114415	PSIFNNKUMBGKDQ-UHFFFAOYSA-N	Losartan
73460	KLBQZWRITKRQQV-UHFFFAOYSA-N	Thioridazine
24677	DDLIGBOFAVUZHB-UHFFFAOYSA-N	Midazolam
139921	SYWHXTATXSMDSB-GSLJADNHSA-N	Fludrocortisone Acetate
90645	MRBDMNSDAVCSSF-UHFFFAOYSA-N	Phentolamine
138315	STQGQHZAVUOBTE-VGBVRHCVSA-N	Daunorubicin
188999	ZZUFCTLCJUWOSV-UHFFFAOYSA-N	Furosemide
166412	XCGSFFUVFURLIX-VFGNJEKYSA-N	Ergotamine
196457	XFYDIVBRZNQMJC-UHFFFAOYSA-N	Tizanidine
68508	JUKPWJGBANNWMW-VWBFHTRKSA-N	Eplerenone
177140	YMARZQAQMVYCKC-OEMFJLHTSA-N	Amprenavir
126694	RHBRMCOKKKZVRY-ITLPAZOVSA-N	Naltrexone Hydrochloride
28442	DQCKKXVULJGBQN-XFWGSAIBSA-N	Naltrexone
86996	MEPNHSOMXMALDZ-UHFFFAOYSA-N	Delavirdine mesylate
160036	WHBIGIKBNXZKFE-UHFFFAOYSA-N	Delavirdine
103637	OJCZPLDERGDQRJ-UHFFFAOYSA-N	Sufentanil Citrate
40930	GGCSSNBKKAUURC-UHFFFAOYSA-N	Sufentanil
189345	JTEGQNOMFQHVDC-NKWVEPMBSA-N	Lamivudine
90084	MPBVHIBUJCELCL-UHFFFAOYSA-N	Ibandronate
139889	SYTBZMRGLBWNTM-UHFFFAOYSA-N	Flurbiprofen
135715	SKYZYDSNJIOXRL-BTQNPOSSSA-N	Apomorphine Hydrochloride
153797	VMWNQDUVQKEIOC-CYBMUJFWSA-N	Apomorphine
2383	AHOUBRCZNHFOSL-YOEHRIQHSA-N	Paroxetine
58215	IMONTRJLAWHYGT-ZCPXKWAGSA-N	Norethindrone Acetate 
152403	VIKNJXKGJWUCNN-XGXHKTLJSA-N	Norethindrone
127869	RLAWWYSOJDYHDC-BZSNNMDCSA-N	Lisinopril
28075	DOUYETYNHWVLEO-UHFFFAOYSA-N	Imiquimod
186716	ZSCDBOWYZJWBIY-UHFFFAOYSA-N	Trimipramine
160654	WJCNZQLZVWNLKY-UHFFFAOYSA-N	Thiabendazole
124719	RAPZEAPATHNIPO-UHFFFAOYSA-N	Risperidone
166839	XDRYMKDFEDOLFX-UHFFFAOYSA-N	Pentamidine
37023	FTALBRSUTCGOEG-UHFFFAOYSA-N	Riluzole
69638	JYGXADMDTFJGBT-VWUMJDOOSA-N	Hydrocortisone
92216	MWLSOWXNZPKENC-UHFFFAOYSA-N	Zileuton
175108	YFGHCGITMMYXAQ-UHFFFAOYSA-N	Modafinil
97402	NNYBQONXHNTVIJ-UHFFFAOYSA-N	Etodolac
160249	WHWZLSFABNNENI-UHFFFAOYSA-N	Epinastine
134613	SHGAZHPCJJPHSC-YCNIQYBTSA-N	Tretinoin
742	ACGUYXCXAPNIKK-UHFFFAOYSA-N	Hexachlorophene
42362	GKTWGGQPFAXNFI-HNNXBMFYSA-N	Clopidogrel
102621	OFVLGDICTFRJMM-WESIUVDSSA-N	Tetracycline
148927	UWKQSNNFCGGAFS-XIFFEERXSA-N	Irinotecan
112677	PMRYVIKBURPHAH-UHFFFAOYSA-N	Methimazole
54454	HZZVJAQRINQKSD-PBFISZAISA-N	Clavulanate
189154	JBIMVDZLSHOPLA-LSCVHKIXSA-N	Olopatadine
42966	GMVPRGQOIOIIMI-DWKJAMRDSA-N	Alprostadil
152685	VJJPUSNTGOMMGY-MRVIYFEKSA-N	Etoposide
27305	DMDGGSIALPNSEE-UHFFFAOYSA-N	Hydroflumethiazide
192202	COKMIXFXJJXBQG-NRFANRHFSA-N	Tirofiban
21616	CTRLABGOLIVAIY-UHFFFAOYSA-N	Oxcarbazepine
131856	RXZBMPWDPOLZGW-XMRMVWPWSA-N	Roxithromycin
128422	RMUCZJUITONUFY-UHFFFAOYSA-N	Phenelzine
149460	UYIFTLBWAOGQBI-BZDYCCQFSA-N	Estradiol benzoate
154452	VOXZDWNPVJITMN-ZBRFXRBCSA-N	Estradiol
54168	HYYBABOKPJLUIN-UHFFFAOYSA-N	Mefenamic acid
101722	OCSMOTCMPXTDND-OUAUKWLOSA-N	Marimastat
19598	CMWTZPSULFXXJA-VIFPVBQESA-N	Naproxen
59199	IPVQLZZIHOAWMC-QXKUPLGCSA-N	Perindopril
21456	CTETYYAZBPJBHE-UHFFFAOYSA-N	Haloprogin
93881	NCEXYHBECQHGNR-QZQOTICOSA-N	Sulfasalazine
52612	HTQMVQVXFRQIKW-UHFFFAOYSA-N	Candesartan
190954	OGQICQVSFDPSEI-UHFFFAOYSA-N	Tazarotene
55357	IDBPHNDTYPBSNI-UHFFFAOYSA-N	Alfentanil
21927	CURUTKGFNZGFSE-UHFFFAOYSA-N	Dicyclomine
15294	BYPFEZZEUUWMEJ-UHFFFAOYSA-N	Pentoxifylline
70898	KCLANYCVBBTKTO-UHFFFAOYSA-N	Proparacaine
94168	NDDAHWYSQHTHNT-UHFFFAOYSA-N	Indapamide
9793	BGDKAVGWHJFAGW-UHFFFAOYSA-N	Tropicamide
61255	IWUCXVSUMQZMFG-AFCXAGJDSA-N	Ribavirin
157374	VYMDGNCVAMGZFE-UHFFFAOYSA-N	Phenylbutazone
60863	IVLVTNPOHDFFCJ-UHFFFAOYSA-N	Fentanyl citrate
111705	PJMPHNIQZUBGLI-UHFFFAOYSA-N	Fentanyl
186620	ZRVUJXDFFKFLMG-UHFFFAOYSA-N	Meloxicam
104201	OLBCVFGFOZPWHH-UHFFFAOYSA-N	Propofol
15540	BZKPWHYZMXOIDC-UHFFFAOYSA-N	Acetazolamide
162383	WOXKDUGGOYFFRN-IIBYNOLFSA-N	Tadalafil
115206	PUXBGTOOZJQSKH-UHFFFAOYSA-N	Carprofen
6486	AUZONCFQVSMFAP-UHFFFAOYSA-N	Disulfiram
104966	ONKUMRGIYFNPJW-KIEAKMPYSA-N	Ethynodiol
190055	SIQPXVQCUCHWDI-UHFFFAOYSA-N	Enprofylline
177184	YMDXZJFXQJVXBF-STHAYSLISA-N	Fosfomycin
190	AAOVKJBEBIDNHE-UHFFFAOYSA-N	Diazepam
182777	ZEWQUBUPAILYHI-UHFFFAOYSA-N	Trifluoperazine
124032	QYIYFLOTGYLRGG-GPCCPHFNSA-N	Cefaclor
152954	VKHAHZOOUSRJNA-GCNJZUOMSA-N	Mifepristone
182283	ZDIGNSYAACHWNL-UHFFFAOYSA-N	Brompheniramine
110903	PGYPOBZJRVSMDS-UHFFFAOYSA-N	Loperamide hydrochloride
125636	RDOIQAHITMMDAJ-UHFFFAOYSA-N	Loperamide
106975	OUDSBRTVNLOZBN-UHFFFAOYSA-N	Tolazamide
67762	JRWZLRBJNMZMFE-UHFFFAOYSA-N	Dobutamine
1015	ADEBPBSSDYVVLD-UHFFFAOYSA-N	Donepezil
94672	NETZHAKZCGBWSS-CEDHKZHLSA-N	Nalbuphine
158987	WDQPAMHFFCXSNU-BGABXYSRSA-N	Clofazimine
113259	POPFMWWJOGLOIF-XWCQMRHXSA-N	Flurandrenolide
126391	RGCVKNLCSQQDEP-UHFFFAOYSA-N	Perphenazine
12575	BPEGJWRSRHCHSN-UHFFFAOYSA-N	Temozolomide
62379	JAQUASYNZVUNQP-USXIJHARSA-N	Levorphanol
183371	ZGXJTSGNIOSYLO-UHFFFAOYSA-N	Aminolevulinic acid
27979	DOMXUEMWDBAQBQ-WEVVVXLNSA-N	Terbinafine
103345	OIGNJSKKLXVSLS-VWUMJDOOSA-N	Prednisolone
52863	HUPFGZXOMWLGNK-UHFFFAOYSA-N	Diflunisal
133652	SECKRCOLJRRGGV-UHFFFAOYSA-N	Vardenafil
119564	QJJXYPPXXYFBGM-LFZNUXCKSA-N	Tacrolimus
58930	IOVGROKTTNBUGK-SJCJKPOMSA-N	Ritodrine
86623	MDKGKXOCJGEUJW-UHFFFAOYSA-N	Suprofen
57481	IKENVDNFQMCRTR-UHFFFAOYSA-N	Conivaptan
106194	OROAFUQRIXKEMV-LDADJPATSA-N	Eprosartan
41510	GHXZTYHSJHQHIJ-UHFFFAOYSA-N	Chlorhexidine
67860	JSDRRTOADPPCHY-HSQYWUDLSA-N	Quinapril
116401	PYTMYKVIJXPNBD-OQKDUQJOSA-N	Clomifene citrate
42235	GKIRPKYJQBWNGO-OCEACIFDSA-N	Clomifene
56841	IIDJRNMFWXDHID-UHFFFAOYSA-N	Risedronate
87362	MFWNKCLOYSRHCJ-UHFFFAOYSA-N	Granisetron
94807	NFDFQCUYFHCNBW-SCGPFSFSSA-N	Dienestrol
66617	JOFWLTCLBGQGBO-UHFFFAOYSA-N	Triazolam
15149	BXZVVICBKDXVGW-NKWVEPMBSA-N	Didanosine
6668	AVOLMBLBETYQHX-UHFFFAOYSA-N	Ethacrynic acid
32751	FELGMEQIXOGIFQ-UHFFFAOYSA-N	Ondansetron
109146	PBJUNZJWGZTSKL-MRXNPFEDSA-N	Tiagabine
186006	ZPUCINDJVBIVPJ-LJISPDSOSA-N	Cocaine
189210	UBQNRHZMVUUOMG-UHFFFAOYSA-N	Zonisamide
31421	FAEKWTJYAYMJKF-QHCPKHFHSA-N	Repaglinide
55114	ICFJFFQQTFMIBG-UHFFFAOYSA-N	Phenformin
26822	DKNWSYNQZKUICI-UHFFFAOYSA-N	Amantadine
167245	XEYBRNLFEZDVAW-ARSRFYASSA-N	Dinoprostone
182140	ZCVMWBYGMWKGHF-UHFFFAOYSA-N	Ketotifen
128389	RMRJXGBAOAMLHD-IHFGGWKQSA-N	Buprenorphine
192584	WHXMKTBCFHIYNQ-SECBINFHSA-N	Levosimendan
124496	QZVCTJOXCFMACW-UHFFFAOYSA-N	Phenoxybenzamine
171739	XUFQPHANEAPEMJ-UHFFFAOYSA-N	Famotidine
136006	SLVMESMUVMCQIY-UHFFFAOYSA-N	Mesoridazine
122252	QSLMDECMDJKHMQ-UHFFFAOYSA-N	Maprotiline
165371	WYWIFABBXFUGLM-UHFFFAOYSA-N	Oxymetazoline
175523	YGSDEFSMJLZEOE-UHFFFAOYSA-N	Salicylic acid
41644	GIIZNNXWQWCKIB-UHFFFAOYSA-N	Salmeterol
132753	SBDNJUWAMKYJOX-UHFFFAOYSA-N	Meclofenamic acid
13662	BSYNRYMUTXBXSQ-UHFFFAOYSA-N	Acetylsalicylic acid
131495	RWTNPBWLLIMQHL-UHFFFAOYSA-N	Fexofenadine
122110	QRXWMOHMRWLFEY-UHFFFAOYSA-N	Isoniazid
152206	VHRSUDSXCMQTMA-PJHHCJLFSA-N	Methylprednisolone
70072	JZQKKSLKJUAGIC-UHFFFAOYSA-N	Pindolol
181779	ZBPLOVFIXSTCRZ-UHFFFAOYSA-N	Bromfenac
128337	RMMXLENWKUUMAY-UHFFFAOYSA-N	Telmisartan
62418	JAUOIFJMECXRGI-UHFFFAOYSA-N	Desloratadine
35500	FNYQZOVOVDSGJH-UHFFFAOYSA-N	Alosetron Hydrochloride
68065	JSWZEAMFRNKZNL-UHFFFAOYSA-N	Alosetron
86167	MBUVEWMHONZEQD-UHFFFAOYSA-N	Azelastine
192222	OLNTVTPDXPETLC-XPWALMASSA-N	Ezetimibe
71066	KCXVZYZYPLLWCC-UHFFFAOYSA-N	Edetic Acid
61991	IZEKFCXSFNUWAM-UHFFFAOYSA-N	Dipyridamole
192693	YLXDSYKOBKBWJQ-LBPRGKRZSA-N	Ramelteon
111365	PIJVFDBKTWXHHD-HIFRSBDPSA-N	Physostigmine
134612	SHGAZHPCJJPHSC-XFYACQKRSA-N	Isotretinoin
4035	ANGKOCUUWGHLCE-UHFFFAOYSA-N	Glycopyrrolate
144321	UHDGCWIWMRVCDJ-CCXZUQQUSA-N	Cytarabine
21450	CTENFNNZBMHDDG-UHFFFAOYSA-N	Dopamine Hydrochloride
157311	VYFYYTLLBUKUHU-UHFFFAOYSA-N	Dopamine
171344	XSVMFMHYUFZWBK-NSHDSACASA-N	Rivastigmine
9731	BFYIZQONLCFLEV-DAELLWKTSA-N	Exemestane
102550	OFPXSFXSNFPTHF-UHFFFAOYSA-N	Oxaprozin
144082	UGJMXCAKCUNAIE-UHFFFAOYSA-N	Gabapentin
4373	AOJJSUZBOXZQNB-TZSSRYMLSA-N	Doxorubicin
94138	NDAUXUAQIAJITI-UHFFFAOYSA-N	Salbutamol
134910	SIEYLFHKZGLBNX-NTISSMGPSA-N	Levobupivacaine hydrochloride
79155	LEBVLXFERQHONN-INIZCTEOSA-N	Levobupivacaine
51310	HPJKCIUCZWXJDR-UHFFFAOYSA-N	Letrozole
20214	COVZYZSDYWQREU-UHFFFAOYSA-N	Busulfan
26953	DKYWVDODHFEZIM-UHFFFAOYSA-N	Ketoprofen
14974	BXKDSDJJOVIHMX-UHFFFAOYSA-N	Edrophonium Chloride
189125	VWLHWLSRQJQWRG-UHFFFAOYSA-O	Edrophonium
34197	FJLBFSROUSIWMA-UHFFFAOYSA-N	Metyrapone
65743	JLKIGFTWXXRPMT-UHFFFAOYSA-N	Sulfamethoxazole
185357	ZNNLBTZKUZBEKO-UHFFFAOYSA-N	Glyburide
58467	INJOMKTZOLKMBF-UHFFFAOYSA-N	Guanfacine
132374	RZTAMFZIAATZDJ-UHFFFAOYSA-N	Felodipine
51353	HPNSFSBZBAHARI-RUDMXATFSA-N	Mycophenolic acid
142927	UCFGDBYHRUNTLO-QHCPKHFHSA-N	Topotecan
23897	DBABZHXKTCFAPX-UHFFFAOYSA-N	Probenecid
42649	GLVAUDGFNGKCSF-UHFFFAOYSA-N	Mercaptopurine
45394	GVEZIHKRYBHEFX-NQQPLRFYSA-N	Cerulenin
125959	REQCZEXYDRLIBE-UHFFFAOYSA-N	Procainamide
177347	YMTINGFKWWXKFG-UHFFFAOYSA-N	Fenofibrate
143517	UEJJHQNACJXSKW-UHFFFAOYSA-N	Thalidomide
14024	BUGYDGFZZOZRHP-UHFFFAOYSA-N	Memantine
171690	XUBOMFCQGDBHNK-UHFFFAOYSA-N	Gatifloxacin
67472	JQXXHWHPUNPDRT-WLSIYKJHSA-N	Rifampicin
160795	WJOHZNCJWYWUJD-IUGZLZTKSA-N	Fluocinonide
191428	MCGSCOLBFJQGHM-SCZZXKLOSA-N	Abacavir
48018	HEFNNWSXXWATRW-UHFFFAOYSA-N	Ibuprofen
64301	JGSARLDLIJGVTE-MBNYWOFBSA-N	Benzylpenicillin
115336	PVHUJELLJLJGLN-UHFFFAOYSA-N	Nitrendipine
165573	WZNJWVWKTVETCG-YFKPBYRVSA-N	Mimosine
189191	OGJPXUAPXNRGGI-UHFFFAOYSA-N	Norfloxacin
83520	LSQZJLSUYDQPKJ-NJBDSQKTSA-N	Amoxicillin
168351	XIQVNETUBQGFHX-UHFFFAOYSA-N	Oxybutynin
69307	JWZZKOKVBUJMES-UHFFFAOYSA-N	Isoprenaline
28836	DRLFMBDRBRZALE-UHFFFAOYSA-N	Melatonin
25429	DGBIGWXXNGSACT-UHFFFAOYSA-N	Clonazepam
115810	PWWVAXIEGOYWEE-UHFFFAOYSA-N	Promethazine
7299	AXRYRYVKAWYZBR-GASGPIRDSA-N	Atazanavir
23214	CYXKNKQEMFBLER-UHFFFAOYSA-N	Perhexiline
189021	ZZVUWRFHKOJYTH-UHFFFAOYSA-N	Diphenhydramine
111593	PJDFLNIOAUIZSL-UHFFFAOYSA-N	Vigabatrin
2349	AHLBNYSZXLDEJQ-FWEHEUNISA-N	Orlistat
70717	KBUZBQVCBVDWKX-UHFFFAOYSA-N	Emedastine
58370	INDBQLZJXZLFIT-UHFFFAOYSA-N	Primaquine
469	ABJKWBDEJIDSJZ-UHFFFAOYSA-N	Butenafine
82566	LPMXVESGRSUGHW-HBYQJFLCSA-N	Ouabain
2698	AIONOLUJZLIMTK-AWEZNQCLSA-N	Hesperetin
152168	VHOGYURTWQBHIL-UHFFFAOYSA-N	Leflunomide
78046	LALFOYNTGMUKGG-BGRFNVSISA-L	Rosuvastatin Calcium 
12734	BPRHUIZQVSMCRT-VEUZHWNKSA-N	Rosuvastatin
180058	YVUQSNJEYSNKRX-UHFFFAOYSA-N	Pimozide
43715	GPKJTRJOBQGKQK-UHFFFAOYSA-N	Quinacrine
11356	BLFQGGGGFNSJKA-XHXSRVRCSA-N	Sertraline Hydrochloride
151834	VGKDLMBJGBXTGI-SJCJKPOMSA-N	Sertraline
146078	UNAANXDKBXWMLN-UHFFFAOYSA-N	Sibutramine
15164	BYBLEWFAAKGYCD-UHFFFAOYSA-N	Miconazole
63937	JFPVXVDWJQMJEE-IZRZKJBUSA-N	Cefuroxime
146625	UOTMYNBWXDUBNX-UHFFFAOYSA-N	Papaverine Hydrochloride
170780	XQYZDYMELSJDRZ-UHFFFAOYSA-N	Papaverine
136922	SOYKEARSMXGVTM-UHFFFAOYSA-N	Chlorphenamine
53984	HYIMSNHJOBLJNT-UHFFFAOYSA-N	Nifedipine
76184	KUCQYCKVKVOKAY-CTYIDZIISA-N	Atovaquone
60324	ITPDYQOUSLNIHG-UHFFFAOYSA-N	Amiodarone Hydrochloride
61723	IYIKLHRQXLHMJQ-UHFFFAOYSA-N	Amiodarone
104600	OMHBPUNFVFNHJK-UHFFFAOYSA-P	Ambenonium
192628	JWJOTENAMICLJG-QWBYCMEYSA-N	Dutasteride
79417	LEZWWPYKPKIXLL-UHFFFAOYSA-N	Econazole
81001	LKJPYSCBVHEWIU-UHFFFAOYSA-N	Bicalutamide
178661	YREYEVIYCVEVJK-UHFFFAOYSA-N	Rabeprazole
53896	HYAFETHFCAUJAY-UHFFFAOYSA-N	Pioglitazone
26774	DKJJVAGXPKPDRL-UHFFFAOYSA-N	Tiludronate Disodium
26774	DKJJVAGXPKPDRL-UHFFFAOYSA-N	Tiludronate
102762	OGHNVEJMJSYVRP-UHFFFAOYSA-N	Carvedilol
44533	GSDSWSVVBLHKDQ-JTQLQIEISA-N	Levofloxacin
86017	MBGGBVCUIVRRBF-UHFFFAOYSA-N	Sulfinpyrazone
12276	BOEGTKLJZSQCCD-UEKVPHQBSA-N	Cefadroxil
111299	PIEUQSKUWLMALL-YABMTYFHSA-N	Micafungin
102011	ODQWQRRAPPTVAG-BOPFTXTBSA-N	Doxepin
65508	JKOQGQFVAUAYPM-UHFFFAOYSA-N	Amifostine
190472	GJQPMPFPNINLKP-UHFFFAOYSA-N	Diclofenamide
82872	LQOLIRLGBULYKD-JKIFEVAISA-N	Cloxacillin
137059	SPIUTQOUKAMGCX-UHFFFAOYSA-N	Flavoxate
155112	VRBKIVRKKCLPHA-UHFFFAOYSA-N	Nefazodone
47638	HCYAFALTSJYZDH-UHFFFAOYSA-N	Desipramine
136535	SNPPWIUOZRMYNY-UHFFFAOYSA-N	Bupropion
97704	NOYPYLRCIDNJJB-UHFFFAOYSA-N	Trimetrexate
61703	IYGXEHDCSOYNKY-RZHHZEQLSA-N	Dinoprost Tromethamine
150683	VCKUSRYTPJJLNI-UHFFFAOYSA-N	Terazosin
129776	RRGUKTPIGVIEKM-UHFFFAOYSA-N	Cilostazol
152251	VHVPQPYKVGDNFY-ZPGVKDDISA-N	Itraconazole
175910	YHXISWVBGDMDLQ-UHFFFAOYSA-N	Moclobemide
123331	QVYRGXJJSLMXQH-UHFFFAOYSA-N	Orphenadrine
163360	WSEQXVZVJXJVFP-FQEVSTJZSA-N	Escitalopram
148621	UVKZSORBKUEBAZ-UHFFFAOYSA-N	Cyclizine
69076	JWHAUXFOSRPERK-UHFFFAOYSA-N	Propafenone
126537	RGPDIGOSVORSAK-STHHAXOLSA-N	Naloxone Hydrochloride 
149749	UZHSEJADLWPNLE-GRGSLBFTSA-N	Naloxone
33455	FGXWKSZFVQUSTL-UHFFFAOYSA-N	Domperidone
177049	YLRFCQOZQXIBAB-RBZZARIASA-N	Fluoxymesterone
174829	YEHCICAEULNIGD-MZMPZRCHSA-N	Pergolide
23977	DBGIVFWFUFKIQN-VIFPVBQESA-N	Dexfenfluramine
147041	UQCNKQCJZOAFTQ-ISWURRPUSA-N	Oxymorphone
43340	GOEMGAFJFRBGGG-UHFFFAOYSA-N	Acebutolol
26382	DJBNUMBKLMJRSA-UHFFFAOYSA-N	Flecainide
31510	FAKRSMQSSFJEIM-RQJHMYQMSA-N	Captopril
63870	JFJZZMVDLULRGK-URLMMPGGSA-O	Tubocurarine
108686	OZVBMTJYIDMWIL-AYFBDAFISA-N	Bromocriptine
181400	ZAHQPTJLOCWVPG-UHFFFAOYSA-N	Mitoxantrone hydrochloride
73436	KKZJGLLVHKMTCM-UHFFFAOYSA-N	Mitoxantrone
189133	OFBIFZUFASYYRE-UHFFFAOYSA-N	Flumazenil
31361	DZZWHBIBMUVIIW-DTORHVGOSA-N	Sparfloxacin
61406	IXHBTMCLRNMKHZ-LBPRGKRZSA-N	Levobunolol
2093	AGOYDEPGAOXOCK-KCBOHYOISA-N	Clarithromycin
149961	VAAUVRVFOQPIGI-SPQHTLEESA-N	Ceftriaxone
23951	DBEPLOCGEIEOCV-WSBQPABSSA-N	Finasteride
173868	YBBLVLTVTVSKRW-UHFFFAOYSA-N	Anastrozole
35608	FOHHNHSLJDZUGQ-UHFFFAOYSA-N	Halofantrine
191756	OZOMQRBLCMDCEG-VIZOYTHASA-N	Dantrolene Sodium
191756	OZOMQRBLCMDCEG-VIZOYTHASA-N	Dantrolene
178376	YQEZLKZALYSWHR-UHFFFAOYSA-N	Ketamine
154423	VOVIALXJUBGFJZ-KWVAZRHASA-N	Budesonide
147464	URKOMYMAXPYINW-UHFFFAOYSA-N	Quetiapine
125256	RCINICONZNJXQF-MZXODVADSA-N	Paclitaxel
102685	OGAKLTJNUQRZJU-UHFFFAOYSA-N	Diphenidol
140274	TTWJBBZEZQICBI-UHFFFAOYSA-N	Metoclopramide
147382	UREBDLICKHMUKA-CXSFZGCWSA-N	Dexamethasone
163679	WTDRDQBEARUVNC-LURJTMIESA-N	L-DOPA
17152	CEUORZQYGODEFX-UHFFFAOYSA-N	Aripiprazole
48084	HEMJJKBWTPKOJG-UHFFFAOYSA-N	Gemfibrozil
160456	WIMWMKZEIBHDTH-UHFFFAOYSA-N	Clomipramine Hydrochloride 
40142	GDLIGKIOYRNHDA-UHFFFAOYSA-N	Clomipramine
158818	WDFKMLRRRCGAKS-UHFFFAOYSA-N	Chloroxine
144615	UIEATEWHFDRYRU-UHFFFAOYSA-N	Bepridil
190900	MTCUAOILFDZKCO-UHFFFAOYSA-N	Decamethonium
182495	ZDZOTLJHXYCWBA-VCVYQWHSSA-N	Docetaxel
164490	WVVSZNPYNCNODU-XTQGRXLLSA-N	Ergonovine
181764	ZBNZXTGUTAYRHI-UHFFFAOYSA-N	Dasatinib
8606	BCFGMOOMADDAQU-UHFFFAOYSA-N	Lapatinib
87160	MFFMDFFZMYYVKS-SECBINFHSA-N	Sitagliptin
18458	CJBJHOAVZSMMDJ-HEXNFIEUSA-N	Darunavir
112748	PMXMIIMHBWHSKN-UHFFFAOYSA-N	Paliperidone
160463	WINHZLLDWRZWRT-ATVHPVEESA-N	Sunitinib
12813	BPZSYCZIITTYBL-YJYMSZOUSA-N	Arformoterol
129325	RPTUSVTUFVMDQK-UHFFFAOYSA-N	Hydralazine
72439	KHPKQFYUPIUARC-UHFFFAOYSA-N	Lumiracoxib
83458	LSLYOANBFKQKPT-UHFFFAOYSA-N	Fenoterol
104442	OLVCFLKTBJRLHI-AXAPSJFSSA-N	Cefamandole
137832	SRZNHPXWXCNNDU-IXOPCIAXSA-N	Cefotetan
192899	JFXBEKISTKFVAB-AJQTZOPKSA-N	Metocurine
192893	GVEAYVLWDAFXET-XGHATYIMSA-N	Pancuronium
82748	LQCLVBQBTUVCEQ-QTFUVMRISA-N	Troleandomycin
130786	RUOKEQAAGRXIBM-GFCCVEGCSA-N	Rasagiline
60358	ITRJWOMZKQRYTA-RFZYENFJSA-N	Cortisone acetate
11376	BLGXFZZNTVWLAY-SCYLSFHTSA-N	Yohimbine
158898	WDJUZGPOPHTGOT-XUDUSOBPSA-N	Digitoxin
106640	OSZNNLWOYWAHSS-UHFFFAOYSA-M	Neostigmine methylsulfate
3613	ALWKGYPQUAPLQC-UHFFFAOYSA-N	Neostigmine
113399	POZRVZJJTULAOH-LHZXLZLDSA-N	Danazol
138239	STJMRWALKKWQGH-UHFFFAOYSA-N	Clenbuterol
4275	ANZXOIAKUNOVQU-UHFFFAOYSA-N	Bambuterol
109807	PDMMFKSKQVNJMI-BLQWBTBKSA-N	Testosterone Propionate
127396	RJIWZDNTCBHXAL-UHFFFAOYSA-N	Nitroxoline
128626	RNLQIBCLLYYYFJ-UHFFFAOYSA-N	Amrinone
30535	DXGLGDHPHMLXJC-UHFFFAOYSA-N	Oxybenzone
102448	OFHCOWSQAMBJIW-AVJTYSNKSA-N	Alfacalcidol
190912	SJZRECIVHVDYJC-UHFFFAOYSA-M	Gamma Hydroxybutyric Acid
190683	CHIFCDOIPRCHCF-UHFFFAOYSA-N	Delorazepam
113652	PPTYJKAXVCCBDU-UHFFFAOYSA-N	Flunitrazepam
76979	KWTSXDURSIMDCE-QMMMGPOBSA-N	Dextroamphetamine
17048	CEMAWMOMDPGJMB-UHFFFAOYSA-N	Oxprenolol
130659	RUDATBOHQWOJDD-UZVSRGJWSA-N	Ursodeoxycholic acid
131859	RXZMMZZRUPYENV-VROPFNGYSA-N	Solifenacin
193067	KJONHKAYOJNZEC-UHFFFAOYSA-N	Nitrazepam
186822	ZSKVGTPCRGIANV-ZXFLCMHBSA-N	Imipenem
38701	FYPMFJGVHOHGLL-UHFFFAOYSA-N	Probucol
72912	KJHKTHWMRKYKJE-SUGCFTRWSA-N	Lopinavir
82605	LPQZKKCYTLCDGQ-WEDXCCLWSA-N	Tazobactam
83913	LUALIOATIOESLM-UHFFFAOYSA-N	Propericiazine
172781	XXSMGPRMXLTPCZ-UHFFFAOYSA-N	Hydroxychloroquine
131940	RYHCACJBKCOBTJ-UHFFFAOYSA-N	Alverine citrate
59927	ISFHAYSTHMVOJR-UHFFFAOYSA-N	Phenindamine
40645	GFBKORZTTCHDGY-UWVJOHFNSA-N	Thiothixene
28375	DPWPWRLQFGFJFI-UHFFFAOYSA-N	Pargyline
89582	MNJVRJDLRVPLFE-UHFFFAOYSA-N	Etoricoxib
89490	MNDBXUUTURYVHR-UHFFFAOYSA-N	Roflumilast
161122	WKRLQDKEXYKHJB-HFTRVMKXSA-N	Equilin
192602	LWQQLNNNIPYSNX-UROSTWAQSA-N	Calcipotriol
157900	WAEXFXRVDQXREF-UHFFFAOYSA-N	Vorinostat
10260	BHQCQFFYRZLCQQ-OELDTZBJSA-N	Cholic Acid
193499	QTBSBXVTEAMEQO-UHFFFAOYSA-M	Acetic acid
193456	ISWSIDIOOBJBQZ-UHFFFAOYSA-N	Phenol
69946	JZFPYUNJRRFVQU-UHFFFAOYSA-N	Niflumic Acid
35029	FMHHVULEAZTJMA-UHFFFAOYSA-N	Trioxsalen
114170	PROQIPRRNZUXQM-ZXXIGWHRSA-N	Estriol
65457	JKKFKPJIXZFSSB-CBZIJGRNSA-N	Estropipate
33777	FIAFUQMPZJWCLV-UHFFFAOYSA-N	Suramin
101513	OCAPBUJLXMYKEJ-UHFFFAOYSA-N	Bifonazole
131694	RXKMOPXNWTYEHI-RDRKJGRWSA-N	Flunarizine dihydrochloride
136072	SMANXXCATUTDDT-QPJJXVBHSA-N	Flunarizine
121193	QOYHHIBFXOOADH-UHFFFAOYSA-N	Fluspirilene
30274	DWKVCQXJYURSIQ-UHFFFAOYSA-N	Dronedarone Hydrochloride 
186284	ZQTNQVWKHCQYLQ-UHFFFAOYSA-N	Dronedarone
49135	HHZIURLSWUIHRB-UHFFFAOYSA-N	Nilotinib
139824	SYOKIDBDQMKNDQ-XWTIBIIYSA-N	Vildagliptin
38983	FZNCGRZWXLXZSZ-CIQUZCHMSA-N	Voglibose
194259	ZJKNESGOIKRXQY-UHFFFAOYSA-N	Enoximone
41954	GJJFMKBJSRMPLA-HIFRSBDPSA-N	Milnacipran
189364	PCOBBVZJEWWZFR-UHFFFAOYSA-N	Ezogabine
124552	QZZUEBNBZAPZLX-QFIPXVFZSA-N	Indacaterol
184213	ZJVFLBOZORBYFE-UHFFFAOYSA-N	Ibudilast
192776	BBAWEDCPNXPBQM-GDEBMMAJSA-N	Telaprevir
46685	GZOSMCIZMLWJML-VJLLXTKPSA-N	Abiraterone
46616	GZKLJWGUPQBVJQ-UHFFFAOYSA-N	Sertindole
143601	UEQUQVLFIPOEMF-UHFFFAOYSA-N	Mianserin
188942	ZZORFUFYDOWNEF-UHFFFAOYSA-N	Sulfadimethoxine
69902	JZCPYUJPEARBJL-UHFFFAOYSA-N	Rimonabant
186707	ZSBOMTDTBDDKMP-OAHLLOKOSA-N	Alogliptin
190184	GYHCTFXIZSNGJT-XMMPIXPASA-N	Tolvaptan
195710	LZPZPHGJDAGEJZ-AKAIJSEGSA-N	Regadenoson
154658	VPPJLAIAVCUEMN-GFCCVEGCSA-N	Lacosamide
72055	KGFYHTZWPPHNLQ-AWEZNQCLSA-N	Rivaroxaban
39458	GBBBPWVJGMFZGX-UHFFFAOYSA-N	Incadronate
146872	UPNUIXSCZBYVBB-JVFUWBCBSA-N	Alvimopan
16207	CBPNZQVSJQDFBE-FUXHJELOSA-N	Temsirolimus
118667	QGJUIPDUBHWZPV-SGTAVMJGSA-N	Saxagliptin
116265	PYGWGZALEOIKDF-UHFFFAOYSA-N	Etravirine
21808	CUIHSIWYWATEQL-UHFFFAOYSA-N	Pazopanib
189244	YJYPHIXNFHFHND-UHFFFAOYSA-N	Agomelatine
194355	QNZCBYKSOIHPEH-UHFFFAOYSA-N	Apixaban
142757	UBPYILGKFZZVDX-UHFFFAOYSA-N	Bosutinib
134301	SGEGOXDYSFKCPT-UHFFFAOYSA-N	Vilazodone
174773	YECBIJXISLIIDS-UHFFFAOYSA-N	Mepyramine
77613	KYYIDSXMWOZKMP-UHFFFAOYSA-N	Desvenlafaxine
29651	DUGOZIWVEXMGBE-CHWSQXEVSA-N	Dexmethylphenidate
100856	NZWOPGCLSHLLPA-UHFFFAOYSA-N	Methacholine
39840	GCKMFJBGXUYNAG-HLXURNFRSA-N	Methyltestosterone
26399	DJDFFEBSKJCGHC-UHFFFAOYSA-N	Naphazoline hydrochloride
31478	FAIIFDPAEUKBEP-UHFFFAOYSA-N	Nilvadipine
123381	QWCJHSGMANYXCW-UHFFFAOYSA-N	Sulfaphenazole
141696	TYMRLRRVMHJFTF-UHFFFAOYSA-N	Mafenide
127437	RJMUSRYZPJIFPJ-UHFFFAOYSA-N	Niclosamide
176155	YIQPUIGJQJDJOS-UHFFFAOYSA-N	Plerixafor
23318	CZFFBEXEKNGXKS-UHFFFAOYSA-N	Raltegravir
167023	XEFQLINVKFYRCS-UHFFFAOYSA-N	Triclosan
135723	SKZKKFZAGNVIMN-UHFFFAOYSA-N	Salicylamide
136303	SMTZFNFIKUPEJC-UHFFFAOYSA-N	Roxatidine acetate
148378	UUOJIACWOAYWEZ-UHFFFAOYSA-N	Bopindolol
102230	OEKWJQXRCDYSHL-FNOIDJSQSA-N	Ticagrelor
12724	BPQMGSKTAYIVFO-UHFFFAOYSA-N	Vismodegib
126748	RHGYHLPFVJEAOC-FFNUKLMVSA-L	Pitavastatin Calcium 
75891	KTEIFNKAUNYNJU-GFCCVEGCSA-N	Crizotinib
73193	KKGQTZUTZRNORY-UHFFFAOYSA-N	Fingolimod
80064	LHHCSNFAOIFYRV-DOVBMPENSA-N	Boceprevir
48378	HFNKQEVNSGCOJV-OAHLLOKOSA-N	Ruxolitinib
43839	GPXBXXGIAQBQNI-UHFFFAOYSA-N	Vemurafenib
83876	LTXREWYXXSTFRX-QGZVFWFLSA-N	Linagliptin
35321	FNHKPVJBJVTLMP-UHFFFAOYSA-N	Regorafenib
169054	XLAKJQPTOJHYDR-QTQXQZBYSA-M	Aclidinium Bromide
197741	ASMXXROZKSBQIH-VITNCHFBSA-N	Aclidinium
164866	WXCXUHSOUPDCQV-UHFFFAOYSA-N	Enzalutamide
111213	PHXJVRSECIGDHY-UHFFFAOYSA-N	Ponatinib
106579	OSVMTWJCGUFAOD-KZQROQTASA-N	Formestane
171612	XTULMSXFIHGYFS-VLSRWLAYSA-N	Fluticasone furoate
171531	XTNGUQKDFGDXSJ-ZXGKGEBGSA-N	Canagliflozin
80512	LIRYPHYGHXZJBZ-UHFFFAOYSA-N	Trametinib
9669	BFSMGDJOXZAERB-UHFFFAOYSA-N	Dabrafenib
145769	ULXXDDBFHOBEHA-CWDCEQMOSA-N	Afatinib
41953	GJJFMKBJSRMPLA-DZGCQCFKSA-N	Levomilnacipran
185785	ZPAKPRAICRBAOD-UHFFFAOYSA-N	Fenbufen
191772	UMSGKTJDUHERQW-UHFFFAOYSA-N	Brotizolam
103679	OJGDCBLYJGHCIH-UHFFFAOYSA-N	Bromhexine
72426	KHOITXIGCFIULA-UHFFFAOYSA-N	Bisacodyl
