Erlotinib	LCK_HUMAN	0.8354008	0
Erlotinib	ERBB2_HUMAN	0.9483795	0
Erlotinib	RAF1_HUMAN	0.7701038	0
Erlotinib	BTK_HUMAN	0.7474104	0
Erlotinib	SRC_HUMAN	0.8354008	0
Erlotinib	NTRK1_HUMAN	0.8354008	0
Erlotinib	EPHB4_HUMAN	0.8597928	0
Erlotinib	KIT_HUMAN	0.8354008	0
Erlotinib	DDR2_HUMAN	0.8597928	0
Erlotinib	JAK2_HUMAN	0.8354008	0
Erlotinib	FYN_HUMAN	0.8597928	0
Erlotinib	MYLK_HUMAN	0.7474104	0
Erlotinib	FGFR1_HUMAN	0.8597928	0
Erlotinib	TXK_HUMAN	0.7701038	0
Erlotinib	CSF1R_HUMAN	0.8354008	0
Erlotinib	AURKA_HUMAN	0.8354008	0
Erlotinib	NTRK2_HUMAN	0.8354008	0
Erlotinib	EPHA2_HUMAN	0.8627031	0
Erlotinib	ACVR1_HUMAN	0.7474104	0
Erlotinib	EPHB2_HUMAN	0.8354008	0
Erlotinib	LIMK1_HUMAN	0.7474104	0
hexachlorophene	DRD3_HUMAN	0.7474104	0
orlistat	CNR2_HUMAN	0.9794806	0
paroxetine	P2RX3_HUMAN	0.7701038	0
Ibutilide	KCNJ1_HUMAN	1.0	0
Ibutilide	TLR7_HUMAN	0.7474104	0
Ibutilide	VCAM1_HUMAN	0.8627031	0
Ibutilide	ABCC8_HUMAN	0.9161931	0
Ibutilide	ABCC9_HUMAN	0.8354008	0
Ibutilide	KCNJ8_HUMAN	0.8354008	0
Chlordiazepoxide	TAAR1_HUMAN	0.8627031	0
Chlordiazepoxide	HRH2_HUMAN	0.7474104	0
Bambuterol	ADRB1_HUMAN	0.8597928	0
Bambuterol	ADRB3_HUMAN	0.7701038	0
doxorubicin	EGFR_HUMAN	0.9161931	0
cimetidine	HRH1_HUMAN	0.9161931	0
ESMOLOL	ADRB2_HUMAN	0.8894992	0
ESMOLOL	ADRB3_HUMAN	0.7474104	0
ZINC03918138	ERBB2_HUMAN	0.8354008	0
L-triiodothyronine	GSTP1_HUMAN	0.7701038	0
disulfiram	TAAR1_HUMAN	0.8894992	0
disulfiram	DRD2_HUMAN	0.9870714	0
disulfiram	DRD5_HUMAN	0.7701038	0
AMPICILLIN SODIUM	KIT_HUMAN	0.8354008	0
Atazanavir	MTOR_HUMAN	0.8894992	0
Lapatinib	HDAC2_HUMAN	0.8354008	0
imipramine	DRD3_HUMAN	0.8354008	0
imipramine	HRH2_HUMAN	0.7701038	0
imipramine	DRD1_HUMAN	0.7701038	0
Dabrafenib	HDAC1_HUMAN	0.9851301	0
sulpiride	DRD4_HUMAN	0.7701038	0
sulpiride	DRD1_HUMAN	0.8627031	0
cholic acid	ADH1A_HUMAN	0.7701038	0
cholic acid	ADH1B_HUMAN	0.7474104	0
LISURIDE	ADRB3_HUMAN	0.7701038	0
CHEBI:50740	ESR2_HUMAN	0.7701038	0
CHEBI:50740	ESR1_HUMAN	0.7701038	0
Yohimbine	DRD4_HUMAN	0.7701038	0
Yohimbine	HRH1_HUMAN	0.7701038	0
Yohimbine	DRD1_HUMAN	0.8894992	0
Yohimbine	DRD5_HUMAN	0.7474104	0
Yohimbine	ABCC8_HUMAN	0.7701038	0
terconazole	BTK_HUMAN	0.7474104	0
terconazole	DRD2_HUMAN	0.8354008	0
terconazole	DRD1_HUMAN	0.7701038	0
terconazole	TOP2A_HUMAN	0.7474104	0
terconazole	VDR_HUMAN	0.7701038	0
sildenafil	PDE4D_HUMAN	0.9161931	0
sildenafil	PDE7B_HUMAN	0.7701038	0
Arformoterol	ADRB1_HUMAN	0.8894992	0
Arformoterol	ADRB3_HUMAN	0.7701038	0
aspirin	IL8_HUMAN	0.9921758	0
aspirin	EDNRB_HUMAN	0.7701038	0
aspirin	XDH_HUMAN	0.9483795	0
memantine	DRD3_HUMAN	0.8354008	0
memantine	DRD1_HUMAN	0.8354008	0
miconazole	NOS1_HUMAN	0.9483795	0
miconazole	KCNJ1_HUMAN	0.7701038	0
miconazole	DRD2_HUMAN	0.9794806	0
miconazole	DRD4_HUMAN	0.7474104	0
miconazole	HRH1_HUMAN	0.8354008	0
miconazole	VDR_HUMAN	0.8354008	0
pentoxifylline	PDE7A_HUMAN	0.8354008	0
pentoxifylline	PDE4D_HUMAN	0.9161931	0
pentoxifylline	PDE4C_HUMAN	0.8627031	0
oxprenolol	ADRB3_HUMAN	0.8354008	0
Aripiprazole	HRH2_HUMAN	0.8627031	0
busulfan	MMP2_HUMAN	0.8894992	0
busulfan	MMP3_HUMAN	0.7701038	0
haloprogin	DRD2_HUMAN	0.9813295	0
haloprogin	DRD4_HUMAN	0.8354008	0
haloprogin	HRH1_HUMAN	0.7474104	0
haloprogin	DRD5_HUMAN	0.7474104	0
OXCARBAZEPINE	SCN2A_HUMAN	0.7474104	0
Pazopanib	ABL1_HUMAN	0.8354008	0
Pazopanib	RET_HUMAN	0.7701038	0
dicyclomine	DRD2_HUMAN	0.9483795	0
dicyclomine	CFTR_HUMAN	0.7474104	0
dicyclomine	DRD4_HUMAN	0.7474104	0
dicyclomine	HRH1_HUMAN	0.9483795	0
dicyclomine	DRD1_HUMAN	0.8627031	0
phenytoin	SCN3A_HUMAN	0.7701038	0
phenytoin	SCN2A_HUMAN	0.8894992	0
phenytoin	SCN8A_HUMAN	0.7701038	0
PERHEXILINE	LCK_HUMAN	0.7474104	0
PERHEXILINE	ERBB2_HUMAN	0.8627031	0
probenecid	IL8_HUMAN	0.7474104	0
midazolam	GRIK2_HUMAN	0.7474104	0
cinnarizine	DRD4_HUMAN	0.7701038	0
cinnarizine	HRH2_HUMAN	0.8627031	0
2-azaniumylacetate	HDAC6_HUMAN	0.9855769	0
2-azaniumylacetate	HDAC8_HUMAN	2.201617	0
flecainide	SCN2A_HUMAN	0.8354008	0
Tiludronic Acid	MMP9_HUMAN	0.8354008	0
amantadine	DRD3_HUMAN	0.8627031	0
amantadine	DRD1_HUMAN	0.8354008	0
hydroflumethiazide	KCNJ1_HUMAN	0.9161931	0
dicumarol	NQO2_HUMAN	0.9161931	0
IMIQUIMOD	KCNJ1_HUMAN	0.8597928	0
IMIQUIMOD	HRH1_HUMAN	0.9854718	0
IMIQUIMOD	TLR9_HUMAN	0.8627031	0
linolenic acid	PPARD_HUMAN	0.8354008	0
Dronedarone hydrochloride	KCNA3_HUMAN	0.7474104	0
Repaglinide	KCNJ1_HUMAN	0.9161931	0
Repaglinide	PPARD_HUMAN	0.8627031	0
Repaglinide	PPARA_HUMAN	0.9161931	0
captopril	MMP3_HUMAN	0.7474104	0
ondansetron	CFTR_HUMAN	0.7701038	0
domperidone	DRD4_HUMAN	0.7474104	0
domperidone	HRH2_HUMAN	0.7701038	0
domperidone	DRD1_HUMAN	0.8597928	0
AC1N6JXL	PPIA_HUMAN	0.9161931	0
AC1N6JXL	P2RX4_HUMAN	0.8627031	0
AC1N6JXL	P2RX3_HUMAN	0.7701038	0
Regorafenib	HDAC1_HUMAN	0.9483795	0
Regorafenib	DDR1_HUMAN	0.8354008	0
Regorafenib	ALK_HUMAN	0.8597928	0
triamterene	CASP3_HUMAN	0.9483795	0
triamterene	AOC3_HUMAN	0.9483795	0
Alosetron HCl	TERT_HUMAN	0.9483795	0
tolnaftate	CFTR_HUMAN	0.9794806	0
tolnaftate	NISCH_HUMAN	0.8354008	0
clomipramine	DRD4_HUMAN	0.8354008	0
clomipramine	DRD5_HUMAN	0.7701038	0
thiothixene	DRD3_HUMAN	0.8894992	0
adenine	ACACA_HUMAN	0.9854718	0
adenine	EBP_HUMAN	0.9921758	0
SCHEMBL9931995	MMP3_HUMAN	0.8354008	0
SCHEMBL9931995	MMP8_HUMAN	0.7701038	0
Salmeterol	ADRB1_HUMAN	0.9483795	0
Salmeterol	ADRB3_HUMAN	0.8627031	0
Benzatropine	DRD2_HUMAN	0.8354008	0
Benzatropine	DRD1_HUMAN	0.8627031	0
clonidine	CFTR_HUMAN	0.9921758	0
clonidine	HRH1_HUMAN	0.7701038	0
Enclomiphene	ESR2_HUMAN	0.9161931	0
Enclomiphene	DRD2_HUMAN	0.9161931	0
Enclomiphene	DRD4_HUMAN	0.7474104	0
Enclomiphene	HRH1_HUMAN	0.7701038	0
Enclomiphene	DRD1_HUMAN	0.8894992	0
6-Mercaptopurine	STAT3_HUMAN	0.9161931	0
acebutolol	ADRB3_HUMAN	0.8627031	0
quinacrine	DRD2_HUMAN	0.9161931	0
quinacrine	DRD4_HUMAN	0.7474104	0
quinacrine	HRH1_HUMAN	0.9483795	0
quinacrine	DRD1_HUMAN	0.9161931	0
quinacrine	XDH_HUMAN	0.7474104	0
Vemurafenib	HDAC1_HUMAN	0.9870714	0
Vemurafenib	ERBB2_HUMAN	0.8597928	0
astemizole	ERBB2_HUMAN	0.8597928	0
astemizole	ADRB2_HUMAN	0.7701038	0
astemizole	ADRB1_HUMAN	0.7701038	0
astemizole	DRD5_HUMAN	0.8354008	0
Bortezomib	HRH2_HUMAN	0.7474104	0
Bortezomib	HRH1_HUMAN	0.9161931	0
Tranexamic Acid	THRB_HUMAN	0.8627031	0
SERTINDOLE	DRD3_HUMAN	0.8627031	0
SERTINDOLE	DRD1_HUMAN	0.8354008	0
ibuprofen	PPARA_HUMAN	0.7701038	0
ibuprofen	IL8_HUMAN	0.9161931	0
gemfibrozil	PPARG_HUMAN	0.9794806	0
gemfibrozil	PPARD_HUMAN	0.8597928	0
Nilotinib	SRC_HUMAN	0.8627031	0
Nilotinib	FGFR1_HUMAN	0.7474104	0
Pioglitazone	PPARD_HUMAN	0.9161931	0
Pioglitazone	PPARA_HUMAN	0.9794806	0
Pioglitazone	DNMT1_HUMAN	0.7701038	0
PHENFORMIN	KCNJ1_HUMAN	0.9483795	0
prazosin	MMP2_HUMAN	0.9483795	0
prazosin	HRH1_HUMAN	0.7474104	0
PRIMAQUINE	NQO1_HUMAN	0.8627031	0
GUANFACINE	CFTR_HUMAN	0.8894992	0
Phenindamine	HRH2_HUMAN	0.8354008	0
AC1LCWGP	SCN2A_HUMAN	0.8354008	0
HMS3648P03	TERT_HUMAN	0.8894992	0
amiodarone	EGFR_HUMAN	0.9854718	0
amiodarone	DRD2_HUMAN	0.9794806	0
amiodarone	DRD4_HUMAN	0.7474104	0
amiodarone	ADRB2_HUMAN	0.7701038	0
amiodarone	ADRB3_HUMAN	0.7474104	0
dipyridamole	KCNJ1_HUMAN	0.8354008	0
dipyridamole	PDE3B_HUMAN	0.9813295	0
dipyridamole	PDE3A_HUMAN	0.9130435	0
dipyridamole	PDE4C_HUMAN	0.7701038	0
dipyridamole	TOP2A_HUMAN	0.7474104	0
dipyridamole	PDE1A_HUMAN	0.9483795	0
dipyridamole	PDE1B_HUMAN	0.9925621	0
dipyridamole	PDE1C_HUMAN	0.9925621	0
dipyridamole	PDE9A_HUMAN	0.9813295	0
Desloratadine	DRD2_HUMAN	0.8627031	0
Desloratadine	DRD1_HUMAN	0.8627031	0
Doxycycline	ADK_HUMAN	0.9854718	0
CYPROHEPTADINE	DRD4_HUMAN	0.7701038	0
CYPROHEPTADINE	DRD5_HUMAN	0.7474104	0
amifostine	DRD2_HUMAN	0.8894992	0
Rifampicin	CASP3_HUMAN	0.9161931	0
Rifampicin	MTOR_HUMAN	0.9854718	0
Rifampicin	BTK_HUMAN	0.7474104	0
Rifampicin	TOP2A_HUMAN	0.7701038	0
ENTACAPONE	STAT3_HUMAN	0.8627031	0
dobutamine	ERBB2_HUMAN	0.7701038	0
dobutamine	BTK_HUMAN	0.7701038	0
dobutamine	DRD2_HUMAN	0.8627031	0
dobutamine	DRD1_HUMAN	0.8354008	0
dobutamine	ADRB3_HUMAN	0.7701038	0
alosetron	CFTR_HUMAN	0.8597928	0
alosetron	NISCH_HUMAN	0.7474104	0
mitotane	CFTR_HUMAN	0.8597928	0
mitotane	NISCH_HUMAN	0.7474104	0
5-Aminosalicylic acid	PPARD_HUMAN	0.7701038	0
5-Aminosalicylic acid	PPARA_HUMAN	0.8627031	0
proparacaine	SCN5A_HUMAN	0.9483795	0
proparacaine	SCN2A_HUMAN	0.7701038	0
succinic acid	MMP13_HUMAN	0.8894992	0
succinic acid	PPIA_HUMAN	0.7474104	0
bisacodyl	CCR2_HUMAN	0.9161931	0
topiramate	GRIA2_HUMAN	0.8354008	0
topiramate	GRIK2_HUMAN	0.8354008	0
thioridazine	ERBB2_HUMAN	0.8627031	0
thioridazine	ADRB2_HUMAN	0.7474104	0
thioridazine	ADRB1_HUMAN	0.7474104	0
thioridazine	ADRB3_HUMAN	0.7474104	0
thioridazine	DRD5_HUMAN	0.8354008	0
secobarbital	GNRHR_HUMAN	0.8354008	0
secobarbital	MMP2_HUMAN	0.8597928	0
secobarbital	MMP3_HUMAN	0.7474104	0
amitriptyline	DRD4_HUMAN	0.8894992	0
amitriptyline	HRH3_HUMAN	0.8627031	0
amitriptyline	SCN3A_HUMAN	0.7474104	0
amitriptyline	SCN1A_HUMAN	0.7474104	0
amitriptyline	DRD5_HUMAN	0.8627031	0
Imatinib	SRC_HUMAN	0.8627031	0
Imatinib	NQO1_HUMAN	0.7701038	0
AMPHETAMINE	DRD3_HUMAN	0.7701038	0
AMPHETAMINE	DRD1_HUMAN	0.8354008	0
Levobupivacaine	SCN5A_HUMAN	0.8894992	0
econazole	MMP2_HUMAN	0.8627031	0
econazole	DRD2_HUMAN	0.9854718	0
econazole	HRH1_HUMAN	0.8354008	0
econazole	VDR_HUMAN	0.7701038	0
haloperidol	ADRB1_HUMAN	0.7474104	0
haloperidol	DRD5_HUMAN	0.8354008	0
periciazine	DRD2_HUMAN	0.8894992	0
periciazine	DRD3_HUMAN	0.8627031	0
dihydroergotamine	DRD4_HUMAN	0.8354008	0
dihydroergotamine	HRH1_HUMAN	0.7701038	0
dihydroergotamine	DRD5_HUMAN	0.7701038	0
atenolol	ADRB3_HUMAN	0.8354008	0
Tolcapone	STAT3_HUMAN	0.9921758	0
lansoprazole	HDAC6_HUMAN	0.7701038	0
menadione	XDH_HUMAN	0.8894992	0
Sorafenib	ERBB2_HUMAN	0.8597928	0
Sorafenib	IGF1R_HUMAN	0.9794806	0
Sorafenib	ALK_HUMAN	0.9161931	0
Sorafenib	BTK_HUMAN	0.8354008	0
Sorafenib	CDK1_HUMAN	0.7701038	0
Sorafenib	PDPK1_HUMAN	0.7701038	0
Sorafenib	FYN_HUMAN	0.9161931	0
Sorafenib	MYLK_HUMAN	0.8627031	0
Sorafenib	TXK_HUMAN	0.8627031	0
Sorafenib	PKN1_HUMAN	0.8354008	0
Sorafenib	PKN2_HUMAN	0.8354008	0
Sorafenib	ACVR1_HUMAN	0.8354008	0
Sorafenib	TEC_HUMAN	0.8354008	0
sulindac	PPARG_HUMAN	0.7474104	0
Roflumilast	PDE7A_HUMAN	0.8894992	0
Ziprasidone	HRH2_HUMAN	0.8354008	0
ZILEUTON	TLR9_HUMAN	0.8627031	0
ZINC00020220	P2RX7_HUMAN	0.8627031	0
Sulfasalazine	MTOR_HUMAN	0.7474104	0
Salbutamol	ADRB3_HUMAN	0.8597928	0
indapamide	BTK_HUMAN	0.8354008	0
indapamide	TOP2A_HUMAN	0.8354008	0
dienestrol	ESR2_HUMAN	0.8597928	0
dienestrol	PDE4B_HUMAN	0.8627031	0
dienestrol	PDE4D_HUMAN	0.7701038	0
VALPROIC ACID	GNRHR_HUMAN	0.8597928	0
tamoxifen	DRD2_HUMAN	0.8894992	0
tamoxifen	HRH1_HUMAN	0.8354008	0
lidocaine	SCN5A_HUMAN	0.7474104	0
betaxolol	ADRB3_HUMAN	0.7474104	0
doxepin	DRD3_HUMAN	0.9483795	0
doxepin	DRD4_HUMAN	0.7701038	0
doxepin	HRH3_HUMAN	0.9483795	0
doxepin	DRD1_HUMAN	0.9161931	0
doxepin	DRD5_HUMAN	0.7474104	0
choline	TERT_HUMAN	0.7474104	0
Tetracycline	NQO2_HUMAN	0.9794806	0
Tetracycline	NQO1_HUMAN	0.8894992	0
Difenidol	DRD4_HUMAN	0.7474104	0
Difenidol	DRD1_HUMAN	0.8894992	0
carvedilol	KCNJ1_HUMAN	0.9161931	0
carvedilol	DRD4_HUMAN	0.8354008	0
carvedilol	HRH2_HUMAN	0.7474104	0
carvedilol	HRH1_HUMAN	0.7701038	0
carvedilol	DRD5_HUMAN	0.7701038	0
alendronate	STAT3_HUMAN	0.8627031	0
adenosine	TERT_HUMAN	0.8354008	0
propofol	BTK_HUMAN	0.8627031	0
propofol	CFTR_HUMAN	0.9483795	0
propofol	NISCH_HUMAN	0.7701038	0
propofol	TOP2A_HUMAN	0.8597928	0
ETHYNODIOL DIACETATE	ESR2_HUMAN	0.9483795	0
Nitisinone	STAT3_HUMAN	0.9855769	0
tolazamide	BTK_HUMAN	0.8354008	0
tolazamide	TOP2A_HUMAN	0.8354008	0
bromocriptine	HRH1_HUMAN	0.8354008	0
bromocriptine	ADRB2_HUMAN	0.8894992	0
bromocriptine	ADRB3_HUMAN	0.8627031	0
trazodone	DRD2_HUMAN	0.8627031	0
trazodone	DRD4_HUMAN	0.7701038	0
trazodone	HRH2_HUMAN	0.8354008	0
trazodone	DRD1_HUMAN	0.8597928	0
nortriptyline	DRD4_HUMAN	0.8627031	0
nortriptyline	DRD5_HUMAN	0.8627031	0
PONATINIB	ALK_HUMAN	0.7474104	0
FLUPHENAZINE	DRD5_HUMAN	0.8354008	0
Paliperidone	HRH2_HUMAN	0.8354008	0
Paliperidone	DRD5_HUMAN	0.8354008	0
danazol	ESR2_HUMAN	0.9161931	0
estriol	BTK_HUMAN	0.7701038	0
estriol	ESR2_HUMAN	0.9794806	0
estriol	TOP2A_HUMAN	0.7701038	0
Medroxyprogesterone acetate	ESR2_HUMAN	0.8597928	0
promethazine	DRD4_HUMAN	0.8354008	0
promethazine	DRD5_HUMAN	0.7474104	0
lamotrigine	SCN5A_HUMAN	0.8597928	0
milrinone	PDE5A_HUMAN	0.9855769	0
milrinone	PDE7A_HUMAN	0.8597928	0
milrinone	PDE1A_HUMAN	0.8597928	0
milrinone	PDE1B_HUMAN	0.8894992	0
milrinone	PDE1C_HUMAN	0.9161931	0
milrinone	PDE2A_HUMAN	0.7474104	0
milrinone	PDE8A_HUMAN	0.8354008	0
milrinone	PDE9A_HUMAN	0.9161931	0
reserpine	JUN_HUMAN	0.8627031	0
Fluspirilene	DRD3_HUMAN	0.8627031	0
Fluspirilene	DRD1_HUMAN	0.7701038	0
maprotiline	DRD4_HUMAN	0.9483795	0
maprotiline	DRD5_HUMAN	0.7701038	0
Carbidopa hydrate	EPHB4_HUMAN	0.7474104	0
orphenadrine	SCN5A_HUMAN	0.8894992	0
orphenadrine	SCN2A_HUMAN	0.7474104	0
buspirone	DRD4_HUMAN	0.9794806	0
buspirone	DRD1_HUMAN	0.8597928	0
buspirone	DRD5_HUMAN	0.7474104	0
amoxapine	HRH2_HUMAN	0.8597928	0
amoxapine	HRH3_HUMAN	0.8894992	0
amoxapine	DRD5_HUMAN	0.8627031	0
Clozapine	HRH3_HUMAN	0.9925621	0
Clozapine	ADRB2_HUMAN	0.7701038	0
Clozapine	ADRB1_HUMAN	0.8354008	0
Clozapine	ADRB3_HUMAN	0.7474104	0
phenoxybenzamine	ADRB1_HUMAN	0.8894992	0
phenoxybenzamine	ADRB3_HUMAN	0.8597928	0
Indacaterol	ADRB3_HUMAN	0.8597928	0
risperidone	DRD5_HUMAN	0.8354008	0
paclitaxel	ERBB2_HUMAN	0.8627031	0
paclitaxel	THRB_HUMAN	0.9854718	0
loperamide	DRD2_HUMAN	0.8894992	0
loperamide	DRD4_HUMAN	0.8354008	0
loperamide	HRH1_HUMAN	0.9483795	0
loperamide	DRD1_HUMAN	0.8597928	0
loperamide	ADRB1_HUMAN	0.8894992	0
loperamide	ADRB3_HUMAN	0.8627031	0
PROCAINAMIDE	SCN2A_HUMAN	0.7474104	0
Dapiprazole	HRH1_HUMAN	0.7474104	0
perphenazine	DRD3_HUMAN	0.8597928	0
perphenazine	XDH_HUMAN	0.8354008	0
diethylstilbestrol	BTK_HUMAN	0.8627031	0
diethylstilbestrol	DRD2_HUMAN	0.9851301	0
diethylstilbestrol	CFTR_HUMAN	0.7701038	0
diethylstilbestrol	DRD4_HUMAN	0.7474104	0
diethylstilbestrol	FYN_HUMAN	0.7474104	0
diethylstilbestrol	TOP2A_HUMAN	0.8597928	0
5-nitroquinolin-8-ol	KCNN4_HUMAN	0.7474104	0
progesterone	ESR2_HUMAN	0.8597928	0
niclosamide	ABL1_HUMAN	0.7701038	0
droperidol	DRD4_HUMAN	0.7701038	0
droperidol	SCN5A_HUMAN	0.8627031	0
droperidol	HRH2_HUMAN	0.8627031	0
droperidol	DRD5_HUMAN	0.7701038	0
Amrinone	PDE7A_HUMAN	0.8894992	0
Amrinone	PDE1A_HUMAN	0.7474104	0
Amrinone	PDE1B_HUMAN	0.7701038	0
Amrinone	PDE1C_HUMAN	0.8354008	0
Amrinone	PDE9A_HUMAN	0.8354008	0
hydralazine	BTK_HUMAN	0.8597928	0
hydralazine	TOP2A_HUMAN	0.8597928	0
cilostazol	PDE3B_HUMAN	0.7701038	0
cilostazol	PDE1C_HUMAN	0.7474104	0
cilostazol	PDE9A_HUMAN	0.7474104	0
acetohydroxamic acid	MMP13_HUMAN	0.8627031	0
cefdinir	PI4KA_HUMAN	0.7701038	0
doxazosin	MMP2_HUMAN	0.7474104	0
doxazosin	MMP9_HUMAN	0.7701038	0
doxazosin	HRH1_HUMAN	0.7474104	0
doxazosin	ADRB1_HUMAN	0.8627031	0
doxazosin	ADRB3_HUMAN	0.7701038	0
fexofenadine	HRH2_HUMAN	0.7474104	0
caffeine	BRS3_HUMAN	0.7701038	0
felodipine	PDE3B_HUMAN	0.8894992	0
felodipine	PDE3A_HUMAN	0.9794806	0
felodipine	PDE1C_HUMAN	0.8597928	0
felodipine	PDE9A_HUMAN	0.8597928	0
Vardenafil	PDE7A_HUMAN	0.7701038	0
Vardenafil	PDE7B_HUMAN	0.7474104	0
Vardenafil	PDE8A_HUMAN	0.9483795	0
BENZYL BENZOATE	VDR_HUMAN	0.9161931	0
VERAPAMIL	KCNJ1_HUMAN	0.9483795	0
VERAPAMIL	DRD2_HUMAN	0.8354008	0
VERAPAMIL	HRH1_HUMAN	0.8627031	0
VERAPAMIL	SCN3A_HUMAN	0.7474104	0
VERAPAMIL	DRD1_HUMAN	0.8354008	0
VERAPAMIL	SCN1A_HUMAN	0.7474104	0
VERAPAMIL	SCN2A_HUMAN	0.8354008	0
VERAPAMIL	SCN8A_HUMAN	0.7474104	0
VERAPAMIL	ABCC8_HUMAN	0.7474104	0
labetalol	ADRB3_HUMAN	0.8894992	0
nizatidine	HRH1_HUMAN	0.8597928	0
Isotretinoin	CFTR_HUMAN	0.8627031	0
Isotretinoin	DNMT1_HUMAN	1.574552	0
Isotretinoin	RXRA_HUMAN	0.9483795	0
Isotretinoin	RARB_HUMAN	0.8354008	0
Isotretinoin	RARG_HUMAN	0.8354008	0
Isotretinoin	RXRB_HUMAN	0.7474104	0
Retinoic acid	CFTR_HUMAN	0.9794806	0
Retinoic acid	DNMT1_HUMAN	2.610693	0
Retinoic acid	NISCH_HUMAN	0.8354008	0
Retinoic acid	RXRA_HUMAN	1.0	0
Alitretinoin	DNMT1_HUMAN	2.328455	0
mesoridazine	DRD3_HUMAN	0.8597928	0
mesoridazine	DRD1_HUMAN	0.8354008	0
flunarizine	CNR2_HUMAN	0.8894992	0
flunarizine	DRD4_HUMAN	0.7701038	0
flunarizine	HRH2_HUMAN	0.8627031	0
flunarizine	DRD5_HUMAN	0.8354008	0
ROXATIDINE ACETATE	HRH1_HUMAN	0.9794806	0
ROXATIDINE ACETATE	HRH3_HUMAN	0.7474104	0
chlorpheniramine	HRH2_HUMAN	0.8354008	0
daunorubicin	BTK_HUMAN	0.7701038	0
omeprazole	HDAC6_HUMAN	0.8627031	0
Vildagliptin	DPP8_HUMAN	0.9794806	0
metoclopramide	DRD4_HUMAN	0.7474104	0
metoclopramide	DRD1_HUMAN	0.8894992	0
chlorzoxazone	NOS1_HUMAN	0.9794806	0
chlorzoxazone	KCNJ1_HUMAN	0.8597928	0
chlorzoxazone	NOS3_HUMAN	0.8894992	0
chlorzoxazone	NOS2_HUMAN	0.9794806	0
montelukast	ERBB2_HUMAN	0.8894992	0
montelukast	DRD2_HUMAN	0.9161931	0
montelukast	DRD1_HUMAN	0.8894992	0
montelukast	ADRB1_HUMAN	0.8597928	0
epinephrine	BTK_HUMAN	0.7474104	0
epinephrine	TOP2A_HUMAN	0.7474104	0
thalidomide	XDH_HUMAN	0.7701038	0
mianserin	DRD4_HUMAN	0.9161931	0
mianserin	HRH3_HUMAN	0.9925621	0
cytarabine	NCOA1_HUMAN	0.8627031	0
Vandetanib	ERBB2_HUMAN	0.8627031	0
Vandetanib	ALK_HUMAN	0.7701038	0
Vandetanib	KIT_HUMAN	0.9794806	0
nimodipine	CNR2_HUMAN	0.8354008	0
bepridil	PDE3B_HUMAN	0.9483795	0
bepridil	PDE3A_HUMAN	0.9921758	0
bepridil	PDE1C_HUMAN	0.9161931	0
bepridil	PDE8A_HUMAN	0.7474104	0
bepridil	PDE9A_HUMAN	0.9161931	0
methylergonovine	DRD4_HUMAN	0.7701038	0
methylergonovine	DRD5_HUMAN	0.7474104	0
dexamethasone	NOS1_HUMAN	0.8354008	0
dexamethasone	NOS3_HUMAN	0.7701038	0
quetiapine	HRH2_HUMAN	0.8627031	0
BOPINDOLOL	CFTR_HUMAN	0.8597928	0
BOPINDOLOL	NISCH_HUMAN	0.7474104	0
CYCLIZINE	DRD2_HUMAN	0.9161931	0
CYCLIZINE	DRD4_HUMAN	0.7474104	0
CYCLIZINE	HRH2_HUMAN	0.8627031	0
CYCLIZINE	DRD1_HUMAN	0.8894992	0
irinotecan	MMP2_HUMAN	0.7474104	0
irinotecan	MMP9_HUMAN	0.7701038	0
estradiol benzoate	ESR2_HUMAN	0.9483795	0
naloxone	ESR2_HUMAN	0.9161931	0
terazosin	HRH1_HUMAN	0.7474104	0
itraconazole	VDR_HUMAN	0.7701038	0
norethindrone	ESR2_HUMAN	0.8894992	0
etoposide	BTK_HUMAN	0.8894992	0
Mexiletine	CFTR_HUMAN	0.9483795	0
Mexiletine	NISCH_HUMAN	0.8354008	0
clotrimazole	TAAR1_HUMAN	0.8597928	0
clotrimazole	DRD2_HUMAN	0.9921758	0
clotrimazole	DRD4_HUMAN	0.7474104	0
clotrimazole	HRH1_HUMAN	0.8354008	0
clotrimazole	ADRB2_HUMAN	0.7701038	0
clotrimazole	ADRB1_HUMAN	0.7701038	0
clotrimazole	VDR_HUMAN	0.9794806	0
budesonide	MMP2_HUMAN	0.8597928	0
Lacosamide	SCN5A_HUMAN	0.9813295	0
Lacosamide	SCN1A_HUMAN	0.8894992	0
Lacosamide	SCN2A_HUMAN	0.9794806	0
Lacosamide	SCN8A_HUMAN	0.8894992	0
oseltamivir	ERBB2_HUMAN	0.7701038	0
Vorinostat	HDAC4_HUMAN	0.8597928	0
Vorinostat	HDAC5_HUMAN	0.8597928	0
Vorinostat	HDAC9_HUMAN	0.8627031	0
Vorinostat	HDAC7_HUMAN	0.8597928	0
pentobarbital	GNRHR_HUMAN	0.8627031	0
chloroquine	NQO1_HUMAN	0.8597928	0
prochlorperazine	HRH2_HUMAN	0.7474104	0
prochlorperazine	DRD5_HUMAN	0.7474104	0
Sunitinib	ALK_HUMAN	0.7474104	0
Sunitinib	SRC_HUMAN	0.8354008	0
Sunitinib	FGFR1_HUMAN	0.8597928	0
Tadalafil	PDE3B_HUMAN	0.9794806	0
Tadalafil	PDE3A_HUMAN	0.9921758	0
Tadalafil	PDE1A_HUMAN	0.8597928	0
Tadalafil	PDE1B_HUMAN	0.9483795	0
Tadalafil	PDE1C_HUMAN	0.9483795	0
Tadalafil	PDE8A_HUMAN	0.8627031	0
Tadalafil	PDE9A_HUMAN	0.9794806	0
citalopram	HRH2_HUMAN	0.7474104	0
levodopa	ERBB2_HUMAN	0.8354008	0
levodopa	BTK_HUMAN	0.8354008	0
oxymetazoline	HRH1_HUMAN	0.8627031	0
L-mimosine	ROCK2_HUMAN	0.8354008	0
L-mimosine	ROCK1_HUMAN	0.7474104	0
ERGOTAMINE	DRD4_HUMAN	0.8597928	0
ERGOTAMINE	HRH2_HUMAN	0.7474104	0
ERGOTAMINE	HRH1_HUMAN	0.8354008	0
ERGOTAMINE	ADRB3_HUMAN	0.8597928	0
amsacrine	BTK_HUMAN	0.8894992	0
amsacrine	XDH_HUMAN	0.7701038	0
pentamidine	DRD2_HUMAN	0.8354008	0
pentamidine	DRD1_HUMAN	0.8354008	0
triclosan	ABCG2_HUMAN	0.9161931	0
Gefitinib	LCK_HUMAN	0.7474104	0
oxybutynin	DRD2_HUMAN	0.8894992	0
oxybutynin	CFTR_HUMAN	0.7701038	0
oxybutynin	DRD1_HUMAN	0.7701038	0
papaverine	PDE7A_HUMAN	0.8354008	0
papaverine	PDE8A_HUMAN	0.8627031	0
papaverine	PDE9A_HUMAN	0.9794806	0
triflupromazine	DRD3_HUMAN	0.8597928	0
AMILORIDE	THRB_HUMAN	0.8627031	0
AMILORIDE	AOC3_HUMAN	1.708775	0
AC1NJHTG	TOP2A_HUMAN	0.7701038	0
famotidine	HRH1_HUMAN	0.9483795	0
famotidine	HRH3_HUMAN	0.7474104	0
CHEBI:58448	GSTP1_HUMAN	0.7701038	0
pyrilamine	HRH2_HUMAN	0.8894992	0
zafirlukast	ERBB2_HUMAN	0.9161931	0
pergolide	HRH1_HUMAN	0.8354008	0
SCHEMBL15632914	SRC_HUMAN	0.7701038	0
fluoxymesterone	ESR2_HUMAN	0.9483795	0
fenofibrate	PPARD_HUMAN	0.9161931	0
fenofibrate	IL8_HUMAN	0.7701038	0
clemastine	DRD4_HUMAN	0.8354008	0
clemastine	FYN_HUMAN	0.7474104	0
clemastine	DRD5_HUMAN	0.7701038	0
ketamine	DRD3_HUMAN	0.9161931	0
ketamine	CFTR_HUMAN	0.7701038	0
ketamine	DRD1_HUMAN	0.8894992	0
ketamine	DRD5_HUMAN	0.7474104	0
rabeprazole	HDAC6_HUMAN	0.8597928	0
rabeprazole	DRD2_HUMAN	0.8894992	0
rabeprazole	DRD4_HUMAN	0.8627031	0
rabeprazole	DRD1_HUMAN	0.7701038	0
pimozide	DRD1_HUMAN	0.7701038	0
zolpidem	TAAR1_HUMAN	0.7474104	0
sotalol	ADRB3_HUMAN	0.8597928	0
Dasatinib	EPHB4_HUMAN	0.8354008	0
ketotifen	DRD2_HUMAN	0.9854718	0
ketotifen	PDE3B_HUMAN	0.8894992	0
ketotifen	PDE3A_HUMAN	0.9925621	0
ketotifen	DRD4_HUMAN	0.7701038	0
ketotifen	PDE1A_HUMAN	0.7701038	0
ketotifen	PDE1B_HUMAN	0.8354008	0
ketotifen	PDE1C_HUMAN	0.8627031	0
ketotifen	PDE9A_HUMAN	0.8627031	0
BROMPHENIRAMINE	HRH2_HUMAN	0.7701038	0
docetaxel	NR1H3_HUMAN	0.7474104	0
theophylline	PDE7A_HUMAN	0.8627031	0
theophylline	PDE4D_HUMAN	0.9794806	0
theophylline	BRS3_HUMAN	0.9794806	0
theophylline	PDE4C_HUMAN	0.8894992	0
promazine	DRD5_HUMAN	0.7701038	0
foscarnet	MTOR_HUMAN	0.8597928	0
ibudilast	PDE7A_HUMAN	0.9161931	0
ibudilast	PDE3B_HUMAN	0.7701038	0
glyburide	NISCH_HUMAN	0.8354008	0
glyburide	TLR7_HUMAN	0.7701038	0
glyburide	VCAM1_HUMAN	0.8627031	0
Dronedarone	ADRB2_HUMAN	0.8627031	0
Dronedarone	ADRB3_HUMAN	0.7701038	0
trimipramine	DRD3_HUMAN	0.9854718	0
trimipramine	DRD4_HUMAN	0.8627031	0
trimipramine	HRH2_HUMAN	0.8597928	0
Crystal violet	ERBB2_HUMAN	0.8894992	0
Crystal violet	DRD4_HUMAN	0.8354008	0
Crystal violet	HRH1_HUMAN	0.9483795	0
Crystal violet	DRD5_HUMAN	0.7701038	0
diphenhydramine	HRH2_HUMAN	0.8627031	0
Olopatadine	HRH2_HUMAN	0.8354008	0
zonisamide	SCN8A_HUMAN	0.9794806	0
clofibrate	PPARG_HUMAN	0.9794806	0
clofibrate	PPARD_HUMAN	0.8597928	0
clofibrate	IL8_HUMAN	0.7474104	0
ENPROFYLLINE	PDE7A_HUMAN	0.8627031	0
ENPROFYLLINE	PDE4D_HUMAN	0.9794806	0
ENPROFYLLINE	PDE4C_HUMAN	0.8597928	0
Delorazepam	GRIK2_HUMAN	0.7474104	0
tazarotene	DNMT1_HUMAN	1.957468	0
tazarotene	RXRA_HUMAN	0.9921758	0
tazarotene	RXRG_HUMAN	0.7701038	0
Ezetimibe	SOAT2_HUMAN	0.8894992	0
retinol	DNMT1_HUMAN	2.419324	0
retinol	IL8_HUMAN	0.9921758	0
retinol	RXRA_HUMAN	0.9411765	0
retinol	RARA_HUMAN	0.9925621	0
retinol	RARB_HUMAN	0.9854718	0
retinol	RARG_HUMAN	0.9794806	0
retinol	RXRB_HUMAN	0.8894992	0
retinol	RXRG_HUMAN	0.8597928	0
anagrelide	PDE1A_HUMAN	0.7474104	0
anagrelide	PDE1B_HUMAN	0.7701038	0
anagrelide	PDE1C_HUMAN	0.8627031	0
anagrelide	PDE9A_HUMAN	0.8627031	0
LEVOSIMENDAN	KCNJ1_HUMAN	0.9925621	0
LEVOSIMENDAN	PDE1A_HUMAN	0.7701038	0
LEVOSIMENDAN	PDE1B_HUMAN	0.8354008	0
LEVOSIMENDAN	PDE1C_HUMAN	0.8597928	0
LEVOSIMENDAN	PDE9A_HUMAN	0.8597928	0
LEVOSIMENDAN	ABCC8_HUMAN	0.7701038	0
Telaprevir	HRH1_HUMAN	0.8597928	0
pancuronium	KCNN4_HUMAN	0.9854718	0
acetate	LCK_HUMAN	0.7701038	0
ENOXIMONE	PDE7A_HUMAN	0.8894992	0
ENOXIMONE	PDE1A_HUMAN	0.7474104	0
ENOXIMONE	PDE1B_HUMAN	0.7701038	0
ENOXIMONE	PDE1C_HUMAN	0.8354008	0
ENOXIMONE	PDE9A_HUMAN	0.8354008	0
Eszopiclone	GRIK2_HUMAN	0.7474104	0
tizanidine	CFTR_HUMAN	0.9794806	0
loxapine	HRH3_HUMAN	0.9794806	0
loxapine	ADRB2_HUMAN	0.8627031	0
loxapine	ADRB3_HUMAN	0.7701038	0
tetrahydrofolic acid	HDAC6_HUMAN	0.8894992	0
tetrahydrofolic acid	HDAC8_HUMAN	0.9411765	0
Pyruvic acid	EGFR_HUMAN	0.7701038	0
Pyruvic acid	HDAC6_HUMAN	1.527395	0
Pyruvic acid	HDAC8_HUMAN	2.763867	0
biotin	HDAC8_HUMAN	0.9161931	0
L-arginine	NOS1_HUMAN	0.9925621	0
L-arginine	ADK_HUMAN	0.9483795	0
ascorbic acid	BTK_HUMAN	2.423539	0
ascorbic acid	MMP13_HUMAN	1.837015	0
ascorbic acid	AGTR1_HUMAN	0.8894992	0
ascorbic acid	TOP2A_HUMAN	2.511233	0
ascorbic acid	NR1I2_HUMAN	0.7701038	0
ascorbic acid	TOP2B_HUMAN	0.8894992	0
ascorbic acid	KCNQ1_HUMAN	0.7701038	0
L-aspartic acid	ADK_HUMAN	1.816659	0
L-aspartic acid	PADI4_HUMAN	0.7474104	0
SCHEMBL11234899	ADK_HUMAN	0.8571429	0
L-Met	KCNN4_HUMAN	0.7701038	0
glutathione	NR0B1_HUMAN	0.7474104	0
glutathione	ICAM1_HUMAN	0.8894992	0
L-leucine	PLD2_HUMAN	0.9813295	0
L-leucine	PLD1_HUMAN	0.9813295	0
L-citrulline	ADK_HUMAN	1.983659	0
alpha-Tocopherol	NR1H2_HUMAN	0.8627031	0
alpha-Tocopherol	NR1H3_HUMAN	0.8627031	0
(2S,3S)-2-ammonio-3-methylpentanoate	PLD2_HUMAN	0.9921758	0
(2S,3S)-2-ammonio-3-methylpentanoate	PLD1_HUMAN	0.9921758	0
L-proline	MMP13_HUMAN	2.62774	0
ethchlorvynol	GRIK2_HUMAN	0.7474104	0
INDECAINIDE	SCN2A_HUMAN	0.7474104	0
HYDROXOCOBALAMIN	HDAC6_HUMAN	0.8354008	0
HYDROXOCOBALAMIN	HDAC8_HUMAN	0.9813295	0
ADAPALENE	DNMT1_HUMAN	1.974106	0
Eletriptan	CFTR_HUMAN	0.8894992	0
Eletriptan	NISCH_HUMAN	0.7474104	0
isoetharine	ADRB3_HUMAN	0.8354008	0
glimepiride	VCAM1_HUMAN	0.7474104	0
enflurane	GRIA2_HUMAN	0.9483795	0
enflurane	GRIK2_HUMAN	0.9161931	0
butabarbital	GNRHR_HUMAN	0.8597928	0
butabarbital	GRIA1_HUMAN	0.7474104	0
butalbital	GNRHR_HUMAN	0.8597928	0
butalbital	GRIA1_HUMAN	0.7474104	0
Deseril	DRD3_HUMAN	0.7474104	0
Deseril	CFTR_HUMAN	0.7474104	0
cabergoline	HRH1_HUMAN	0.7474104	0
cabergoline	ADRB3_HUMAN	0.8597928	0
BETAZOLE	HRH1_HUMAN	0.9161931	0
Premarin	ESR2_HUMAN	0.8354008	0
ETONOGESTREL	ESR2_HUMAN	0.9483795	0
bupivacaine	SCN5A_HUMAN	0.8894992	0
bupivacaine	SCN2A_HUMAN	0.7474104	0
DESOGESTREL	ESR2_HUMAN	0.9794806	0
TALBUTAL	GNRHR_HUMAN	0.8627031	0
TALBUTAL	GRIA1_HUMAN	0.7474104	0
Bexarotene	DNMT1_HUMAN	1.635882	0
Bexarotene	RARA_HUMAN	0.8597928	0
Bexarotene	RARB_HUMAN	0.8627031	0
Bexarotene	RARG_HUMAN	0.8627031	0
Clobazam	GRIK2_HUMAN	0.7474104	0
tetrahydrobiopterin	BTK_HUMAN	0.7701038	0
tetrahydrobiopterin	NOS1_HUMAN	0.9483795	0
tetrahydrobiopterin	NOS2_HUMAN	0.9794806	0
tetrahydrobiopterin	TOP2A_HUMAN	0.7701038	0
doxylamine	HRH2_HUMAN	0.7474104	0
mirtazapine	DRD4_HUMAN	0.9161931	0
mirtazapine	HRH2_HUMAN	0.9161931	0
mirtazapine	HRH4_HUMAN	0.8597928	0
mirtazapine	ADRB3_HUMAN	0.8597928	0
meprobamate	GRIK2_HUMAN	0.7474104	0
Treprostinil	PPARG_HUMAN	0.9854718	0
Treprostinil	PPARA_HUMAN	0.9483795	0
Norephedrine	DRD2_HUMAN	0.7474104	0
Norephedrine	ADRB3_HUMAN	0.7474104	0
Dexbrompheniramine	HRH2_HUMAN	0.7474104	0
Remoxipride	DRD1_HUMAN	0.8627031	0
famciclovir	MTOR_HUMAN	0.8597928	0
triprolidine	HRH2_HUMAN	0.7474104	0
BENDROFLUMETHIAZIDE	KCNJ1_HUMAN	0.9794806	0
BENDROFLUMETHIAZIDE	ABCC8_HUMAN	0.7474104	0
Teniposido	BTK_HUMAN	0.7701038	0
dipivefrin	ADRB1_HUMAN	0.8597928	0
dipivefrin	ADRB3_HUMAN	0.8354008	0
Acitretin	DNMT1_HUMAN	2.209329	0
SCHEMBL11371614	THRB_HUMAN	0.7701038	0
HEXYLCAINE	SCN2A_HUMAN	0.8627031	0
D-Thyroxine	GSTP1_HUMAN	0.7701038	0
CARTEOLOL	ADRB3_HUMAN	0.8354008	0
[3-(carbamoylamino)-2-methoxypropyl]mercury(1+) chloride	CFTR_HUMAN	0.7474104	0
guanidine	MMP2_HUMAN	0.8894992	0
toremifene	ESR2_HUMAN	0.9483795	0
ADINAZOLAM	GRIK2_HUMAN	0.7474104	0
valacyclovir	PI4KA_HUMAN	0.8354008	0
valacyclovir	PI4KB_HUMAN	0.7474104	0
L-carnitine	PI4KA_HUMAN	0.8597928	0
L-carnitine	PI4KB_HUMAN	0.7701038	0
thiopental	GNRHR_HUMAN	0.8627031	0
BISOPROLOL	ADRB3_HUMAN	0.8354008	0
Baciguent	BCL2_HUMAN	0.9854718	0
dyphylline	PDE3A_HUMAN	0.7474104	0
Acamprosate	GRIA2_HUMAN	0.7701038	0
Acamprosate	GRIK2_HUMAN	0.8354008	0
MORICIZINE	SCN2A_HUMAN	0.7474104	0
flurazepam	GRIK2_HUMAN	0.7474104	0
AZATADINE	HRH2_HUMAN	0.7474104	0
procaine	KCNJ1_HUMAN	0.7701038	0
procaine	SCN5A_HUMAN	0.9794806	0
procaine	SCN2A_HUMAN	0.7701038	0
carbinoxamine	HRH2_HUMAN	0.7474104	0
prilocaine	SCN2A_HUMAN	0.7474104	0
isoflurane	GRIA2_HUMAN	0.9483795	0
isoflurane	GRIK2_HUMAN	0.9161931	0
ethotoin	SCN2A_HUMAN	0.7474104	0
potassium chloride	CFTR_HUMAN	0.9813295	0
potassium chloride	NISCH_HUMAN	0.8894992	0
propiomazine	DRD3_HUMAN	0.9854718	0
propiomazine	HRH2_HUMAN	0.8627031	0
propiomazine	DRD5_HUMAN	0.7474104	0
acyclovir	MTOR_HUMAN	0.8627031	0
primidone	GNRHR_HUMAN	0.8354008	0
primidone	GRIA1_HUMAN	0.7474104	0
fenoldopam	DRD2_HUMAN	0.9925621	0
fenoldopam	DRD3_HUMAN	0.9483795	0
fenoldopam	DRD4_HUMAN	0.7474104	0
fenoldopam	HRH1_HUMAN	0.7474104	0
minaprine	DRD3_HUMAN	0.9161931	0
minaprine	CFTR_HUMAN	0.8354008	0
metaproterenol	ADRB1_HUMAN	0.8627031	0
metaproterenol	ADRB3_HUMAN	0.7474104	0
Mephobarbital	GNRHR_HUMAN	0.8627031	0
PSEUDOEPHEDRINE	ADRB3_HUMAN	0.8597928	0
alprenolol	ADRB3_HUMAN	0.8354008	0
Benzonatate	SCN2A_HUMAN	0.7701038	0
terbutaline	ADRB1_HUMAN	0.8597928	0
terbutaline	ADRB3_HUMAN	0.7474104	0
flupentixolum	DRD3_HUMAN	0.9161931	0
flupentixolum	DRD4_HUMAN	0.7474104	0
bumetanide	NISCH_HUMAN	0.8894992	0
Oxybuprocaine	SCN5A_HUMAN	0.9794806	0
Oxybuprocaine	SCN2A_HUMAN	0.7701038	0
ethanol	KCNJ1_HUMAN	1.594623	0
ethanol	GRIK1_HUMAN	0.8627031	0
ethanol	TLR7_HUMAN	0.8354008	0
ethanol	ABCC8_HUMAN	0.9794806	0
ethanol	GRIK2_HUMAN	0.9794806	0
ethanol	KCNA1_HUMAN	0.8597928	0
ethanol	ABCC9_HUMAN	0.8627031	0
ethanol	KCNJ8_HUMAN	0.8597928	0
METHDILAZINE	HRH2_HUMAN	0.7474104	0
quinidine	SCN2A_HUMAN	0.7474104	0
metronidazole	VDR_HUMAN	0.8354008	0
methantheline	HRH1_HUMAN	0.8894992	0
CHEBI:31638	ESR2_HUMAN	0.9483795	0
NORGESTIMATE	ESR2_HUMAN	0.9483795	0
mepivacaine	SCN5A_HUMAN	0.8894992	0
mepivacaine	SCN2A_HUMAN	0.7474104	0
DACTINOMYCIN	BTK_HUMAN	0.8597928	0
formoterol	ADRB1_HUMAN	0.8354008	0
azathioprine	STAT3_HUMAN	0.8627031	0
hydrochlorothiazide	KCNJ1_HUMAN	0.8894992	0
cromolyn	KCNJ1_HUMAN	0.8894992	0
tioconazole	VDR_HUMAN	0.8354008	0
ketoconazole	VDR_HUMAN	0.7474104	0
methoxyflurane	GRIA2_HUMAN	0.9483795	0
methoxyflurane	GRIK2_HUMAN	0.9161931	0
tocainide	SCN2A_HUMAN	0.7474104	0
ACETOPHENAZINE	DRD3_HUMAN	0.8354008	0
glipizide	KCNJ1_HUMAN	0.9161931	0
glipizide	PPARD_HUMAN	0.8597928	0
glipizide	PPARA_HUMAN	0.9161931	0
Etidronic acid	STAT3_HUMAN	0.8354008	0
streptomycin	ADK_HUMAN	0.9921758	0
benzocaine	SCN5A_HUMAN	0.8894992	0
Ventavis (TN)	PDE7A_HUMAN	0.8597928	0
ZB014486	HRH2_HUMAN	0.7474104	0
methyprylon	GRIK2_HUMAN	0.7474104	0
diazoxide	KCNJ1_HUMAN	0.9925621	0
diazoxide	ABCC8_HUMAN	0.7701038	0
proguanil	PPIA_HUMAN	0.7701038	0
thiamylal	KCNJ1_HUMAN	0.9483795	0
CHLOROPROCAINE	SCN5A_HUMAN	0.9483795	0
CHLOROPROCAINE	SCN2A_HUMAN	0.7701038	0
phenobarbital	GNRHR_HUMAN	0.8354008	0
DESFLURANE	GRIA2_HUMAN	0.9483795	0
DESFLURANE	GRIK2_HUMAN	0.9161931	0
nadolol	ADRB3_HUMAN	0.8354008	0
Metipranolol	ADRB3_HUMAN	0.8627031	0
estazolam	GRIK2_HUMAN	0.7474104	0
aminophylline	HDAC1_HUMAN	0.7474104	0
aminophylline	HDAC6_HUMAN	0.7474104	0
aminophylline	HDAC8_HUMAN	0.7474104	0
aminophylline	PDE3B_HUMAN	0.7701038	0
aminophylline	BRS3_HUMAN	0.7701038	0
aminophylline	PDE1C_HUMAN	0.7474104	0
aminophylline	PDE9A_HUMAN	0.7474104	0
Encainide	SCN2A_HUMAN	0.7474104	0
sevoflurane	GRIA2_HUMAN	0.9483795	0
sevoflurane	GRIK2_HUMAN	0.9161931	0
chlorprothixene	DRD4_HUMAN	0.7701038	0
chlorprothixene	HRH2_HUMAN	0.8354008	0
Gliquidone	KCNJ1_HUMAN	0.9921758	0
Gliquidone	VCAM1_HUMAN	0.7474104	0
145375-43-5	KCNJ1_HUMAN	0.8597928	0
145375-43-5	PPARD_HUMAN	0.8597928	0
145375-43-5	PPARA_HUMAN	0.9483795	0
Varenicline	GNRHR_HUMAN	0.8354008	0
Glisoxepide	KCNJ1_HUMAN	0.8627031	0
PIRBUTEROL	ADRB3_HUMAN	0.8627031	0
Bevantolol	ADRB3_HUMAN	0.8354008	0
D-Glucosamine	MMP2_HUMAN	0.9161931	0
D-Glucosamine	MMP3_HUMAN	0.7701038	0
practolol	ADRB2_HUMAN	0.8894992	0
practolol	ADRB3_HUMAN	0.7474104	0
SULFADOXINE	PPIA_HUMAN	0.8597928	0
Fosphenytoin	SCN2A_HUMAN	0.7474104	0
QUINETHAZONE	CFTR_HUMAN	0.8894992	0
QUINETHAZONE	NISCH_HUMAN	0.7474104	0
Quinidine barbiturate	SCN2A_HUMAN	0.7474104	0
amobarbital	GNRHR_HUMAN	0.8597928	0
amobarbital	GRIA1_HUMAN	0.7474104	0
APROBARBITAL	GNRHR_HUMAN	0.8597928	0
APROBARBITAL	GRIA1_HUMAN	0.7474104	0
Butethal	GNRHR_HUMAN	0.8597928	0
Butethal	GRIA1_HUMAN	0.7474104	0
Heptabarbital	GNRHR_HUMAN	0.8597928	0
Heptabarbital	GRIA1_HUMAN	0.7474104	0
Hexobarbital	GNRHR_HUMAN	0.8597928	0
Hexobarbital	GRIA1_HUMAN	0.7474104	0
penbutolol	ADRB3_HUMAN	0.7701038	0
ZINC19632692	ADRB1_HUMAN	0.8894992	0
ZINC19632692	ADRB3_HUMAN	0.7701038	0
Levomepromazine	HRH2_HUMAN	0.8627031	0
ONO-RS 411	XDH_HUMAN	0.7701038	0
theobromine	PDE4D_HUMAN	0.9161931	0
Alizapride	DRD3_HUMAN	0.8627031	0
Alizapride	DRD1_HUMAN	0.7701038	0
ajmaline	SCN2A_HUMAN	0.7474104	0
APRINDINE	SCN2A_HUMAN	0.7701038	0
allylestrenol	ESR2_HUMAN	0.9794806	0
bromazepam	GRIK2_HUMAN	0.7474104	0
clotiazepam	GRIK2_HUMAN	0.7474104	0
Euthroid	GSTP1_HUMAN	0.7701038	0
quazepam	GRIK2_HUMAN	0.7474104	0
Cinolazepam	GRIK2_HUMAN	0.7474104	0
Acetylpromazine	DRD3_HUMAN	0.9161931	0
Acetylpromazine	DRD4_HUMAN	0.7474104	0
MOLINDONE	DRD3_HUMAN	0.8597928	0
MOLINDONE	DRD1_HUMAN	0.8627031	0
pheniramine	HRH2_HUMAN	0.7474104	0
Pipotiazine	DRD3_HUMAN	0.9161931	0
Pipotiazine	DRD4_HUMAN	0.7474104	0
Thioproperazine	DRD3_HUMAN	0.9161931	0
Thioproperazine	DRD4_HUMAN	0.7474104	0
QUINESTROL	ESR2_HUMAN	0.9794806	0
CHLOPHEDIANOL	HRH2_HUMAN	0.7474104	0
TETRABENAZINE	DRD3_HUMAN	0.7701038	0
TETRABENAZINE	DRD1_HUMAN	0.7474104	0
Nebivolol	ADRB3_HUMAN	0.8627031	0
TAU-284DS	HRH2_HUMAN	0.7474104	0
Permethrin	SCN3A_HUMAN	0.7474104	0
Permethrin	SCN8A_HUMAN	0.7474104	0
Ospemifene	ESR2_HUMAN	0.9794806	0
Tamibarotene	DNMT1_HUMAN	1.0	0
Tamibarotene	RXRA_HUMAN	0.8894992	0
Tamibarotene	RARG_HUMAN	0.7701038	0
Iloperidone	HRH2_HUMAN	0.7701038	0
Iloperidone	DRD5_HUMAN	0.7474104	0
dinitrooxygallanyl nitrate	NQO2_HUMAN	0.7474104	0
Sycrest	ADRB3_HUMAN	0.8894992	0
Sycrest	DRD5_HUMAN	0.8627031	0
amisulpride	DRD4_HUMAN	0.8597928	0
amisulpride	DRD1_HUMAN	0.8354008	0
4-aminopyridine	KCNJ1_HUMAN	1.937548	0
4-aminopyridine	TLR7_HUMAN	0.8894992	0
4-aminopyridine	VCAM1_HUMAN	0.9794806	0
4-aminopyridine	ABCC8_HUMAN	0.9813295	0
4-aminopyridine	ABCC9_HUMAN	0.9161931	0
4-aminopyridine	KCNJ8_HUMAN	0.9483795	0
ETHANOLAMINE OLEATE	THRB_HUMAN	0.8627031	0
xylometazoline	HRH1_HUMAN	0.7474104	0
betahistine	HRH2_HUMAN	0.7701038	0
betahistine	HRH4_HUMAN	0.8354008	0
drotaverine	PDE7A_HUMAN	0.9854718	0
Alcaftadine	HRH2_HUMAN	0.7474104	0
Besifloxacin	TOP2A_HUMAN	0.8627031	0
tofisopam	PDE7A_HUMAN	0.9794806	0
tofisopam	PDE3B_HUMAN	0.7701038	0
tofisopam	PDE1B_HUMAN	0.7701038	0
tofisopam	PDE1C_HUMAN	0.7474104	0
tofisopam	PDE8A_HUMAN	0.7474104	0
tofisopam	PDE9A_HUMAN	0.8354008	0
Lurasidone	DRD3_HUMAN	0.9794806	0
Lurasidone	DRD4_HUMAN	0.8894992	0
Lurasidone	DRD1_HUMAN	0.8597928	0
Ivacaftor	NISCH_HUMAN	0.8354008	0
Lomitapide	NR0B1_HUMAN	0.8354008	0
Rilpivirine	NR1H2_HUMAN	0.9794806	0
Rilpivirine	NR1H3_HUMAN	0.9794806	0
Mirabegron	ADRB2_HUMAN	0.8627031	0
Mirabegron	ADRB1_HUMAN	0.8354008	0
CYTISINE	GNRHR_HUMAN	0.7701038	0
