index	ID
1	2A5A_HUMAN
2	2AAA_MOUSE
3	2ABG_HUMAN
4	2B11_HUMAN
5	3BHS1_HUMAN
6	3BHS2_HUMAN
7	3BHS2_RAT
8	3BHS5_RAT
9	3BHS7_HUMAN
10	3BHS_MYCTU
11	5HT1A_HUMAN
12	5HT1A_MOUSE
13	5HT1A_RAT
14	5HT1B_HUMAN
15	5HT1B_RAT
16	5HT1D_HUMAN
17	5HT1D_MOUSE
18	5HT1D_PIG
19	5HT1D_RAT
20	5HT1E_HUMAN
21	5HT1F_HUMAN
22	5HT1F_RAT
23	5HT2A_BOVIN
24	5HT2A_CANFA
25	5HT2A_HUMAN
26	5HT2A_MOUSE
27	5HT2A_PIG
28	5HT2A_RAT
29	5HT2B_HUMAN
30	5HT2B_MOUSE
31	5HT2B_RAT
32	5HT2C_HUMAN
33	5HT2C_MOUSE
34	5HT2C_RAT
35	5HT3A_CAVPO
36	5HT3A_HUMAN
37	5HT3A_MOUSE
38	5HT3A_RAT
39	5HT3B_HUMAN
40	5HT3B_MOUSE
41	5HT3B_RAT
42	5HT3C_HUMAN
43	5HT3D_HUMAN
44	5HT3E_HUMAN
45	5HT4R_CAVPO
46	5HT4R_HUMAN
47	5HT4R_MOUSE
48	5HT4R_RAT
49	5HT5A_HUMAN
50	5HT5A_MOUSE
51	5HT5A_RAT
52	5HT5B_RAT
53	5HT6R_HUMAN
54	5HT6R_RAT
55	5HT7R_HUMAN
56	5HT7R_MOUSE
57	5HT7R_RAT
58	5NTD_RAT
59	6PGD_HUMAN
60	6PGD_SHEEP
61	A0MJA4_CANFA
62	A0MJA5_MACMU
63	A0ZX81_KLEPN
64	A1E3K9_ECOLX
65	A1Z199_HUMAN
66	A1ZA98_DROME
67	A2AIR5_MOUSE
68	A2AMW3_MOUSE
69	A2RP81_CITFR
70	A3EZI9_9HEPC
71	A3RLP8_CHV1
72	A4KCT8_9ENTR
73	A4ZYU9_ECOLX
74	A4_HUMAN
75	A5A4K8_RABIT
76	A5Z252_9INFA
77	A6BR99_YERPE
78	A7L861_PIG
79	A85C_MYCTU
80	A8K327_HUMAN
81	A8RR46_BACCS
82	AA1R_BOVIN
83	AA1R_CHICK
84	AA1R_HUMAN
85	AA1R_MOUSE
86	AA1R_RAT
87	AA2AR_CAVPO
88	AA2AR_HUMAN
89	AA2AR_MOUSE
90	AA2AR_RAT
91	AA2BR_HUMAN
92	AA2BR_MOUSE
93	AA2BR_RAT
94	AA3R_BOVIN
95	AA3R_HUMAN
96	AA3R_MOUSE
97	AA3R_RAT
98	AADAT_RAT
99	AAK1_HUMAN
100	AAKB1_HUMAN
101	AAKG1_HUMAN
102	AAPK1_HUMAN
103	AAPK1_RAT
104	AAPK2_HUMAN
105	AAPK2_RAT
106	ABAH3_ARATH
107	ABCC8_HUMAN
108	ABCC9_HUMAN
109	ABCC9_RAT
110	ABCG2_HUMAN
111	ABD12_HUMAN
112	ABHD6_MOUSE
113	ABHGA_HUMAN
114	ABL1_HUMAN
115	ABL1_MOUSE
116	ABL2_HUMAN
117	ABL2_MOUSE
118	ABL_MLVAB
119	ABP1_HUMAN
120	ABP1_RAT
121	ACACA_HUMAN
122	ACACA_RAT
123	ACACB_HUMAN
124	ACCN2_HUMAN
125	ACCN3_HUMAN
126	ACCN3_RAT
127	ACE2_HUMAN
128	ACE2_RAT
129	ACEA_CANAX
130	ACEA_MYCTU
131	ACES_BOVIN
132	ACES_ELEEL
133	ACES_HUMAN
134	ACES_MOUSE
135	ACES_RAT
136	ACES_TORCA
137	ACE_HUMAN
138	ACE_MOUSE
139	ACE_RABIT
140	ACE_RAT
141	ACH10_HUMAN
142	ACH10_RAT
143	ACHA2_HUMAN
144	ACHA2_RAT
145	ACHA3_HUMAN
146	ACHA3_RAT
147	ACHA4_CHICK
148	ACHA4_HUMAN
149	ACHA4_MOUSE
150	ACHA4_RAT
151	ACHA5_HUMAN
152	ACHA5_RAT
153	ACHA6_HUMAN
154	ACHA6_MOUSE
155	ACHA6_RAT
156	ACHA7_HUMAN
157	ACHA7_MOUSE
158	ACHA7_RAT
159	ACHA9_HUMAN
160	ACHA9_RAT
161	ACHA_HUMAN
162	ACHA_MOUSE
163	ACHA_RAT
164	ACHA_TORCA
165	ACHB2_HUMAN
166	ACHB2_RAT
167	ACHB3_HUMAN
168	ACHB3_MOUSE
169	ACHB3_RAT
170	ACHB4_HUMAN
171	ACHB4_MOUSE
172	ACHB4_RAT
173	ACHB_HUMAN
174	ACHB_MOUSE
175	ACHB_RAT
176	ACHB_TORCA
177	ACHD_HUMAN
178	ACHD_TORCA
179	ACHE_HUMAN
180	ACHG_HUMAN
181	ACHG_TORCA
182	ACHP_LYMST
183	ACK1_HUMAN
184	ACLY_HUMAN
185	ACLY_RAT
186	ACM1_HUMAN
187	ACM1_MOUSE
188	ACM1_RAT
189	ACM2_HUMAN
190	ACM2_MOUSE
191	ACM2_PIG
192	ACM2_RAT
193	ACM3_HUMAN
194	ACM3_MOUSE
195	ACM3_RAT
196	ACM4_HUMAN
197	ACM4_MOUSE
198	ACM4_RAT
199	ACM5_HUMAN
200	ACM5_MOUSE
201	ACM5_RAT
202	ACOD1_MOUSE
203	ACOD1_RAT
204	ACOD_HUMAN
205	ACOX1_RAT
206	ACPS_BACSU
207	ACV1B_HUMAN
208	ACVL1_HUMAN
209	ACVR1_HUMAN
210	ADA10_HUMAN
211	ADA12_HUMAN
212	ADA17_HUMAN
213	ADA17_MOUSE
214	ADA17_PIG
215	ADA17_RAT
216	ADA1A_BOVIN
217	ADA1A_HUMAN
218	ADA1A_RABIT
219	ADA1A_RAT
220	ADA1B_HUMAN
221	ADA1B_MESAU
222	ADA1B_RAT
223	ADA1D_HUMAN
224	ADA1D_RAT
225	ADA2A_BOVIN
226	ADA2A_HUMAN
227	ADA2A_MOUSE
228	ADA2A_PIG
229	ADA2A_RAT
230	ADA2B_BOVIN
231	ADA2B_HUMAN
232	ADA2B_MOUSE
233	ADA2B_RAT
234	ADA2C_HUMAN
235	ADA2C_MOUSE
236	ADA2C_RAT
237	ADA33_HUMAN
238	ADAM8_HUMAN
239	ADAM9_HUMAN
240	ADA_BOVIN
241	ADA_HUMAN
242	ADA_MOUSE
243	ADCK3_HUMAN
244	ADCK4_HUMAN
245	ADCY1_BOVIN
246	ADCY1_HUMAN
247	ADCY1_MOUSE
248	ADCY2_HUMAN
249	ADCY2_MOUSE
250	ADCY2_RAT
251	ADCY3_HUMAN
252	ADCY3_MOUSE
253	ADCY3_RAT
254	ADCY4_HUMAN
255	ADCY4_MOUSE
256	ADCY4_RAT
257	ADCY5_HUMAN
258	ADCY5_MOUSE
259	ADCY5_RAT
260	ADCY6_HUMAN
261	ADCY6_MOUSE
262	ADCY6_RAT
263	ADCY7_HUMAN
264	ADCY7_MOUSE
265	ADCY8_HUMAN
266	ADCY8_MOUSE
267	ADCY8_RAT
268	ADCY9_HUMAN
269	ADCYA_HUMAN
270	ADH1A_HUMAN
271	ADH1B_HUMAN
272	ADH1E_HORSE
273	ADH1G_HUMAN
274	ADH1S_HORSE
275	ADH4_HUMAN
276	ADH6_HUMAN
277	ADH7_HUMAN
278	ADHX_HUMAN
279	ADK_HUMAN
280	ADK_RAT
281	ADK_TOXGO
282	ADRB1_BOVIN
283	ADRB1_HUMAN
284	ADRB1_MOUSE
285	ADRB1_RAT
286	ADRB2_BOVIN
287	ADRB2_CANFA
288	ADRB2_CAVPO
289	ADRB2_HUMAN
290	ADRB2_MESAU
291	ADRB2_MOUSE
292	ADRB2_RAT
293	ADRB3_BOVIN
294	ADRB3_HUMAN
295	ADRB3_MOUSE
296	ADRB3_RAT
297	AGALC_ASPNG
298	AGAL_COFAR
299	AGAL_HUMAN
300	AGLU_ORYSJ
301	AGTR1_BOVIN
302	AGTR1_CAVPO
303	AGTR1_HUMAN
304	AGTR1_PIG
305	AGTR1_RABIT
306	AGTR2_HUMAN
307	AGTR2_RAT
308	AGTRA_RAT
309	AGTRB_RAT
310	AHK3_ARATH
311	AHK4_ARATH
312	AHR_HUMAN
313	AHR_RABIT
314	AHR_RAT
315	AK1A1_HUMAN
316	AK1A1_PIG
317	AK1A1_RAT
318	AK1BA_HUMAN
319	AK1C1_HUMAN
320	AK1C2_HUMAN
321	AK1C3_HUMAN
322	AK1CL_MOUSE
323	AKAP1_HUMAN
324	AKAP2_HUMAN
325	AKIP_HUMAN
326	AKT1_HUMAN
327	AKT1_MOUSE
328	AKT2_HUMAN
329	AKT3_HUMAN
330	AKTS1_HUMAN
331	AL1A1_RAT
332	AL1A7_RAT
333	AL5AP_HUMAN
334	ALBU_BOVIN
335	ALBU_HUMAN
336	ALDH2_HUMAN
337	ALDH2_RAT
338	ALDOA_RABIT
339	ALDR_BOVIN
340	ALDR_HUMAN
341	ALDR_PIG
342	ALDR_RAT
343	ALF_CANAL
344	ALF_ECOLI
345	ALF_HELPY
346	ALF_MYCTU
347	ALK_HUMAN
348	ALK_MOUSE
349	ALR1_ECOLI
350	AMD_HUMAN
351	AMO_PEA
352	AMP1_PLAFQ
353	AMPB_HUMAN
354	AMPB_MOUSE
355	AMPB_RAT
356	AMPC_CITFR
357	AMPC_ECOLI
358	AMPC_ENTCL
359	AMPC_MORMO
360	AMPC_PSEAE
361	AMPD1_HUMAN
362	AMPD2_HUMAN
363	AMPD3_HUMAN
364	AMPE_HUMAN
365	AMPE_PIG
366	AMPH_ECOLI
367	AMPL_BOVIN
368	AMPL_HUMAN
369	AMPM1_HUMAN
370	AMPM1_YEAST
371	AMPM2_HUMAN
372	AMPM_ECOLI
373	AMPN_ECOLI
374	AMPN_HUMAN
375	AMPN_PIG
376	AMPN_RAT
377	AMPX_VIBPR
378	AMY1_HUMAN
379	AMYG_YEAST
380	AMYP_RAT
381	ANDR_HUMAN
382	ANDR_MOUSE
383	ANDR_RAT
384	ANF_HUMAN
385	ANKK1_HUMAN
386	ANM1_HUMAN
387	ANPRA_HUMAN
388	ANPRC_HUMAN
389	ANT3_HUMAN
390	ANXA2_HUMAN
391	AOC2_HUMAN
392	AOC3_BOVIN
393	AOC3_HUMAN
394	AOC3_RAT
395	AOFA_BOVIN
396	AOFA_HUMAN
397	AOFA_RAT
398	AOFB_BOVIN
399	AOFB_HUMAN
400	AOFB_MOUSE
401	AOFB_RAT
402	AP2S1_RAT
403	APEX1_HUMAN
404	APH1A_HUMAN
405	APH1B_HUMAN
406	APJ_RAT
407	APOB_HUMAN
408	APOH_HUMAN
409	ARBK1_HUMAN
410	ARBK2_HUMAN
411	ARF1_HUMAN
412	ARGI1_HUMAN
413	AROA_ECOLI
414	AROB_ECOLI
415	AROC_STRPN
416	AROF_ECOLI
417	AROG_ECOLI
418	AROH_ECOLI
419	AROK_HELPY
420	AROQ_HELPY
421	AROQ_MYCTU
422	AROQ_STRCO
423	ARS_PSEAE
424	ARY1_HUMAN
425	ARY2_MOUSE
426	ASND1_HUMAN
427	ASNS_HUMAN
428	AT12A_HUMAN
429	AT1A1_CANFA
430	AT1A1_HUMAN
431	AT1A1_PIG
432	AT1A2_HUMAN
433	AT1A3_HUMAN
434	AT1A4_HUMAN
435	AT1B1_CANFA
436	AT1B1_HUMAN
437	AT1B1_PIG
438	AT1B2_HUMAN
439	AT1B3_HUMAN
440	AT2A1_HUMAN
441	AT2A1_RABIT
442	AT2A2_HUMAN
443	ATF1_HUMAN
444	ATM_HUMAN
445	ATNG_HUMAN
446	ATP4A_HUMAN
447	ATP4A_PIG
448	ATP4A_RAT
449	ATP4B_HUMAN
450	ATP4B_PIG
451	ATP4B_RAT
452	ATR_HUMAN
453	ATS1_HUMAN
454	ATS4_BOVIN
455	ATS4_HUMAN
456	ATS5_BOVIN
457	ATS5_HUMAN
458	ATTY_RAT
459	AUR1_CANAL
460	AUR1_YEAST
461	AURKA_HUMAN
462	AURKA_MOUSE
463	AURKB_HUMAN
464	AURKB_MOUSE
465	AURKC_HUMAN
466	AVR2A_HUMAN
467	AVR2B_HUMAN
468	B0BL08_ECOLX
469	B1WBY8_RAT
470	B1WC34_RAT
471	B2CL1_HUMAN
472	B2CL2_HUMAN
473	B2L10_HUMAN
474	B2LA1_HUMAN
475	B2ZTR6_ACIBA
476	B4GT1_BOVIN
477	B4GT1_HUMAN
478	B4URF0_9INFA
479	B5SU02_9CNID
480	B5THE3_MOUSE
481	B7ZW62_HUMAN
482	B8PY99_MACMU
483	B8R6A5_9BURK
484	BACE1_HUMAN
485	BACE2_HUMAN
486	BAD_HUMAN
487	BCAT1_HUMAN
488	BCAT1_RAT
489	BCAT2_RAT
490	BCL2_HUMAN
491	BCR_HUMAN
492	BGAL_BOVIN
493	BGAL_HUMAN
494	BGAL_RHIML
495	BGLR_RAT
496	BGLS_AGRSA
497	BGLS_CALSA
498	BGLS_RHIRD
499	BHMT1_HUMAN
500	BIRC2_HUMAN
501	BIRC3_HUMAN
502	BIRC5_HUMAN
503	BIRC8_HUMAN
504	BKRB1_CANFA
505	BKRB1_HUMAN
506	BKRB1_MACMU
507	BKRB1_MOUSE
508	BKRB1_RABIT
509	BKRB1_RAT
510	BKRB2_CAVPO
511	BKRB2_HUMAN
512	BKRB2_RAT
513	BLA1_ECOLX
514	BLA1_KLEPN
515	BLA1_STEMA
516	BLAB_AERHY
517	BLAB_BACCE
518	BLAB_BACFR
519	BLAC_BACLI
520	BLAC_STAAU
521	BLAN_ENTCL
522	BLAT_ECOLX
523	BLKPC_KLEPN
524	BLK_HUMAN
525	BLK_MOUSE
526	BLO1_ECOLX
527	BLO2_ECOLX
528	BMP1_HUMAN
529	BMP2K_HUMAN
530	BMP4_HUMAN
531	BMPR2_HUMAN
532	BMR1A_HUMAN
533	BMX_HUMAN
534	BRAF_HUMAN
535	BRCA1_HUMAN
536	BRD2_HUMAN
537	BRD4_HUMAN
538	BRS3_HUMAN
539	BRS3_MOUSE
540	BRS3_RAT
541	BRSK1_HUMAN
542	BRSK2_HUMAN
543	BTK_HUMAN
544	BXA1_CLOBH
545	BXA1_CLOBO
546	C0IX24_9CNID
547	C11B1_BOVIN
548	C11B1_HUMAN
549	C11B1_RAT
550	C11B2_HUMAN
551	C1R_HUMAN
552	C1S_HUMAN
553	C3AR_HUMAN
554	C3SLN2_ECOLX
555	C3SWJ7_ECOLX
556	C3TDZ2_ECOLX
557	C3TIE2_ECOLX
558	C4LRQ6_9INFA
559	C5AR_HUMAN
560	CA2D1_HUMAN
561	CA2D1_MOUSE
562	CA2D1_RAT
563	CA2D2_HUMAN
564	CA2D2_RAT
565	CA2D3_HUMAN
566	CA2D3_RAT
567	CA2D4_HUMAN
568	CAC1A_RAT
569	CAC1B_HUMAN
570	CAC1B_RAT
571	CAC1C_HUMAN
572	CAC1C_MOUSE
573	CAC1C_RABIT
574	CAC1C_RAT
575	CAC1D_HUMAN
576	CAC1D_MOUSE
577	CAC1D_RAT
578	CAC1E_RAT
579	CAC1F_HUMAN
580	CAC1G_HUMAN
581	CAC1G_RAT
582	CAC1H_HUMAN
583	CAC1H_RAT
584	CAC1I_HUMAN
585	CAC1I_RAT
586	CAC1S_HUMAN
587	CAC1S_RAT
588	CACB1_RAT
589	CAH10_HUMAN
590	CAH11_HUMAN
591	CAH12_HUMAN
592	CAH13_HUMAN
593	CAH13_MOUSE
594	CAH14_HUMAN
595	CAH15_MOUSE
596	CAH1_HUMAN
597	CAH2_BOVIN
598	CAH2_HUMAN
599	CAH2_RAT
600	CAH3_HUMAN
601	CAH3_RAT
602	CAH4_BOVIN
603	CAH4_HUMAN
604	CAH4_RAT
605	CAH5A_HUMAN
606	CAH5A_MOUSE
607	CAH5A_RAT
608	CAH5B_HUMAN
609	CAH5B_MOUSE
610	CAH6_BOVIN
611	CAH6_HUMAN
612	CAH7_HUMAN
613	CAH7_MOUSE
614	CAH8_HUMAN
615	CAH9_HUMAN
616	CAH_METTE
617	CALM_HUMAN
618	CALRL_HUMAN
619	CAN1_HUMAN
620	CAN1_MOUSE
621	CAN1_PIG
622	CAN1_RAT
623	CAN2_BOVIN
624	CAN2_CHICK
625	CAN2_HUMAN
626	CAN2_PIG
627	CANX_CHICK
628	CAN_YEAST
629	CARM1_HUMAN
630	CARM1_MOUSE
631	CARP_RHICH
632	CARP_YEAST
633	CAS1_ARATH
634	CASP1_HUMAN
635	CASP1_MOUSE
636	CASP2_HUMAN
637	CASP3_HUMAN
638	CASP4_HUMAN
639	CASP5_HUMAN
640	CASP6_HUMAN
641	CASP7_HUMAN
642	CASP8_HUMAN
643	CASP9_HUMAN
644	CASPA_HUMAN
645	CASPE_HUMAN
646	CASR_BOVIN
647	CASR_HUMAN
648	CASR_RAT
649	CATB_BOVIN
650	CATB_HUMAN
651	CATB_MOUSE
652	CATB_RAT
653	CATC_HUMAN
654	CATD_BOVIN
655	CATD_HUMAN
656	CATE_HUMAN
657	CATF_HUMAN
658	CATG_HUMAN
659	CATG_MOUSE
660	CATH_HUMAN
661	CATK_HUMAN
662	CATK_MOUSE
663	CATK_RABIT
664	CATK_RAT
665	CATL1_BOVIN
666	CATL1_HUMAN
667	CATL1_MOUSE
668	CATL1_RAT
669	CATL2_HUMAN
670	CATL3_PARTE
671	CATS_HUMAN
672	CATS_MOUSE
673	CATS_RAT
674	CATZ_HUMAN
675	CBPA1_BOVIN
676	CBPA1_HUMAN
677	CBPA2_HUMAN
678	CBPA3_HUMAN
679	CBPA4_HUMAN
680	CBPA5_HUMAN
681	CBPA6_HUMAN
682	CBPB1_HUMAN
683	CBPB1_PIG
684	CBPB2_HUMAN
685	CBPM_HUMAN
686	CBPN_HUMAN
687	CBP_HUMAN
688	CBR1_HUMAN
689	CCKAR_CAVPO
690	CCKAR_HUMAN
691	CCKAR_MOUSE
692	CCKAR_RAT
693	CCL2_HUMAN
694	CCL5_HUMAN
695	CCNA1_HUMAN
696	CCNA2_HUMAN
697	CCNB1_HUMAN
698	CCNB2_HUMAN
699	CCNB3_HUMAN
700	CCNB_MARGL
701	CCND1_HUMAN
702	CCND2_HUMAN
703	CCND3_HUMAN
704	CCNE1_HUMAN
705	CCNE2_HUMAN
706	CCNH_HUMAN
707	CCNT1_HUMAN
708	CCNT2_HUMAN
709	CCR1_HUMAN
710	CCR1_MOUSE
711	CCR2_HUMAN
712	CCR2_MOUSE
713	CCR2_RAT
714	CCR3_HUMAN
715	CCR3_MACMU
716	CCR3_MOUSE
717	CCR3_RAT
718	CCR4_HUMAN
719	CCR5_HUMAN
720	CCR5_MACFA
721	CCR5_MOUSE
722	CCR7_HUMAN
723	CCR8_HUMAN
724	CCR9_HUMAN
725	CD11A_HUMAN
726	CD11B_HUMAN
727	CD22_MOUSE
728	CD38_HUMAN
729	CD4_HUMAN
730	CD5R1_HUMAN
731	CDC42_HUMAN
732	CDC45_HUMAN
733	CDC7_HUMAN
734	CDD_HUMAN
735	CDD_MOUSE
736	CDK14_HUMAN
737	CDK15_HUMAN
738	CDK16_HUMAN
739	CDK17_HUMAN
740	CDK18_HUMAN
741	CDK19_HUMAN
742	CDK1_HUMAN
743	CDK1_MOUSE
744	CDK1_YEAST
745	CDK2_HUMAN
746	CDK3_HUMAN
747	CDK4_HUMAN
748	CDK5_HUMAN
749	CDK6_HUMAN
750	CDK7_HUMAN
751	CDK8_HUMAN
752	CDK9_HUMAN
753	CDKA1_HUMAN
754	CDKL1_HUMAN
755	CDKL2_HUMAN
756	CDKL3_HUMAN
757	CEGT_HUMAN
758	CEGT_MOUSE
759	CEL2A_HUMAN
760	CEL2A_PIG
761	CEL2A_RAT
762	CEL2B_HUMAN
763	CEL3A_HUMAN
764	CEL3B_HUMAN
765	CELA1_HUMAN
766	CELA1_PIG
767	CEL_BOVIN
768	CEL_HUMAN
769	CETP_HUMAN
770	CETP_RABIT
771	CFAB_HUMAN
772	CFTR_HUMAN
773	CHIA_HUMAN
774	CHIA_SERMA
775	CHIB_SERMA
776	CHIO_HUMAN
777	CHIT_YEAST
778	CHK1_HUMAN
779	CHK2_HUMAN
780	CHKA_HUMAN
781	CHLE_HORSE
782	CHLE_HUMAN
783	CHLE_MOUSE
784	CHS1_CANAX
785	CHS1_YEAST
786	CHS2_YEAST
787	CHS3_YEAST
788	CISD1_HUMAN
789	CKX2_ARATH
790	CLAT_HUMAN
791	CLAT_RAT
792	CLK1_HUMAN
793	CLK1_MOUSE
794	CLK2_HUMAN
795	CLK2_MOUSE
796	CLK3_HUMAN
797	CLK3_MOUSE
798	CLK4_HUMAN
799	CLK4_MOUSE
800	CLTR1_CAVPO
801	CLTR1_HUMAN
802	CLTR2_HUMAN
803	CMA1_HUMAN
804	CMA1_RAT
805	CNCG_BOVIN
806	CNCG_HUMAN
807	CNGA1_BOVIN
808	CNR1_HUMAN
809	CNR1_MOUSE
810	CNR1_RAT
811	CNR2_HUMAN
812	CNR2_MOUSE
813	CNR2_RAT
814	CNRG_BOVIN
815	CNRG_HUMAN
816	COLA_CLOPE
817	COMT_HUMAN
818	COMT_RAT
819	COX1_HUMAN
820	COX1_SHEEP
821	COX2_HUMAN
822	COX2_SHEEP
823	CP11A_BOVIN
824	CP11A_RAT
825	CP121_MYCTU
826	CP17A_HUMAN
827	CP17A_RAT
828	CP19A_HUMAN
829	CP19A_RAT
830	CP1B1_HUMAN
831	CP21A_HUMAN
832	CP24A_HUMAN
833	CP24A_RAT
834	CP26A_HUMAN
835	CP27A_HUMAN
836	CP27B_HUMAN
837	CP2C9_HUMAN
838	CP2J2_HUMAN
839	CP3A4_HUMAN
840	CP4A4_RABIT
841	CP4AA_RAT
842	CP4AB_HUMAN
843	CP4AE_RAT
844	CP4F2_HUMAN
845	CP51A_HUMAN
846	CP51A_RAT
847	CP51_MYCTU
848	CP51_TRYCC
849	CP7A1_RAT
850	CPN2_HUMAN
851	CPNS1_HUMAN
852	CPNS1_MOUSE
853	CPNS1_PIG
854	CPNS1_RAT
855	CPT1A_RAT
856	CPT1B_RAT
857	CPXA_PSEPU
858	CREB1_HUMAN
859	CRFR1_HUMAN
860	CRFR1_MOUSE
861	CRFR1_RAT
862	CRFR2_HUMAN
863	CRFR2_MOUSE
864	CRFR2_RAT
865	CRTM_STAAU
866	CSF1R_HUMAN
867	CSF1R_MOUSE
868	CSK21_HUMAN
869	CSK21_MOUSE
870	CSK21_RAT
871	CSK22_HUMAN
872	CSK2A_MAIZE
873	CSK2A_SCHPO
874	CSK2B_HUMAN
875	CSK2B_RAT
876	CSK_HUMAN
877	CSK_MOUSE
878	CTNB1_HUMAN
879	CTR4_HUMAN
880	CTRA_BOVIN
881	CTRB1_HUMAN
882	CTRB_BOVIN
883	CTRC_HUMAN
884	CTRL_HUMAN
885	CTRO_HUMAN
886	CXCR1_HUMAN
887	CXCR2_HUMAN
888	CXCR3_CANFA
889	CXCR3_HUMAN
890	CXCR3_MOUSE
891	CXCR3_RAT
892	CXCR4_HUMAN
893	CXCR4_RAT
894	CY24A_HUMAN
895	CY24B_HUMAN
896	CYAA_BACAN
897	CYNT_HELPY
898	CYNT_MYCTU
899	CYSP_TRYCR
900	D1MIX9_PSEAI
901	D2K2A8_9HEPC
902	D3W065_CHRVO
903	D3ZAN3_RAT
904	D3ZGQ2_RAT
905	D3ZJF9_RAT
906	D3ZUM4_RAT
907	D3ZWV0_RAT
908	D4A3N4_RAT
909	D5HSX5_9GAMM
910	D6NSM8_ACIBA
911	DAPE_HAEIN
912	DAPK1_HUMAN
913	DAPK2_HUMAN
914	DAPK3_HUMAN
915	DCAM_HUMAN
916	DCAM_RAT
917	DCK_HUMAN
918	DCK_MOUSE
919	DCLK1_HUMAN
920	DCLK2_HUMAN
921	DCLK3_HUMAN
922	DCMC_HUMAN
923	DCMC_MOUSE
924	DCOR_HUMAN
925	DCOR_RAT
926	DDAH1_HUMAN
927	DDR1_HUMAN
928	DDR2_HUMAN
929	DDX3X_HUMAN
930	DEF1A_ARATH
931	DEFM_HUMAN
932	DEF_ECOLI
933	DEF_MYCTU
934	DEF_PSEAE
935	DEF_STAAM
936	DGAT1_HUMAN
937	DGAT1_MOUSE
938	DGAT1_RAT
939	DGLA_HUMAN
940	DGLB_HUMAN
941	DHAS_HELPY
942	DHB1_HUMAN
943	DHB2_HUMAN
944	DHB3_HUMAN
945	DHB3_RAT
946	DHB7_HUMAN
947	DHE3_BOVIN
948	DHI1_HUMAN
949	DHI1_MOUSE
950	DHI1_RAT
951	DHI2_HUMAN
952	DHI2_MOUSE
953	DHI2_RAT
954	DHPR_HUMAN
955	DHPR_RAT
956	DHRS9_RAT
957	DHSO_HUMAN
958	DHSO_RAT
959	DHYS_RAT
960	DKK1_HUMAN
961	DLG4_HUMAN
962	DLK1_HUMAN
963	DMPK_HUMAN
964	DNK_DROME
965	DNLI1_HUMAN
966	DNM3B_HUMAN
967	DNMT1_HUMAN
968	DNPEP_HUMAN
969	DNSL3_HUMAN
970	DOPO_BOVIN
971	DOPO_HUMAN
972	DOPO_RAT
973	DPEP1_HUMAN
974	DPEP1_PIG
975	DPO1_THEAQ
976	DPO3A_BACSU
977	DPO3_BACSU
978	DPO3_STAAU
979	DPOD1_HUMAN
980	DPOG1_HUMAN
981	DPOLA_HUMAN
982	DPOLB_HUMAN
983	DPOLB_RAT
984	DPOL_HCMVA
985	DPOL_HHV11
986	DPOL_HHV1K
987	DPOL_HHV6U
988	DPOL_VZVD
989	DPP2_HUMAN
990	DPP2_RAT
991	DPP3_RAT
992	DPP4_HUMAN
993	DPP4_MOUSE
994	DPP4_PIG
995	DPP4_RAT
996	DPP6_RAT
997	DPP8_HUMAN
998	DPP9_HUMAN
999	DPYD_HUMAN
1000	DRB3_HUMAN
1001	DRD1_BOVIN
1002	DRD1_HUMAN
1003	DRD1_MOUSE
1004	DRD1_PIG
1005	DRD1_RAT
1006	DRD2_BOVIN
1007	DRD2_CANFA
1008	DRD2_CHLAE
1009	DRD2_HUMAN
1010	DRD2_MOUSE
1011	DRD2_RAT
1012	DRD3_HUMAN
1013	DRD3_RAT
1014	DRD4_HUMAN
1015	DRD4_MOUSE
1016	DRD4_RAT
1017	DRD5_HUMAN
1018	DRD5_RAT
1019	DRTS_PLAFK
1020	DRTS_TOXGO
1021	DRTS_TRYCR
1022	DUOX2_HUMAN
1023	DUS1_HUMAN
1024	DUS1_MOUSE
1025	DUS22_HUMAN
1026	DUS3_HUMAN
1027	DUS6_RAT
1028	DUTL_HUMAN
1029	DUT_HUMAN
1030	DXR_ECOLI
1031	DXR_MYCTU
1032	DXR_SYNY3
1033	DYN1_HUMAN
1034	DYN2_HUMAN
1035	DYR1A_HUMAN
1036	DYR1A_MOUSE
1037	DYR1A_RAT
1038	DYR1B_HUMAN
1039	DYR1_ECOLX
1040	DYRK2_HUMAN
1041	DYRK3_HUMAN
1042	DYR_BOVIN
1043	DYR_CANAX
1044	DYR_CHICK
1045	DYR_ECOLI
1046	DYR_HUMAN
1047	DYR_LACCA
1048	DYR_MOUSE
1049	DYR_MYCTU
1050	DYR_PNECA
1051	DYR_RAT
1052	DYR_STAAU
1053	DYR_STAAW
1054	DYR_YEAST
1055	E1BN64_BOVIN
1056	E2AK1_HUMAN
1057	E2AK2_HUMAN
1058	E2AK3_HUMAN
1059	E2AK4_HUMAN
1060	E2QDN0_ECOLX
1061	EAA1_HUMAN
1062	EAA1_RAT
1063	EAA2_HUMAN
1064	EAA2_RAT
1065	EAA3_HUMAN
1066	EAA3_RAT
1067	EAA4_HUMAN
1068	EAA4_RAT
1069	EAA5_HUMAN
1070	EBP_CAVPO
1071	EBP_HUMAN
1072	ECE1_BOVIN
1073	ECE1_HUMAN
1074	ECE1_RAT
1075	ECE2_HUMAN
1076	ECR_DROME
1077	ECR_LUCCU
1078	EDNRA_HUMAN
1079	EDNRA_MOUSE
1080	EDNRA_PIG
1081	EDNRA_RAT
1082	EDNRB_HUMAN
1083	EDNRB_MOUSE
1084	EDNRB_PIG
1085	EDNRB_RAT
1086	EF1A1_HUMAN
1087	EF1A2_HUMAN
1088	EF2K_HUMAN
1089	EGFR_HUMAN
1090	EGFR_MOUSE
1091	EGLN1_HUMAN
1092	EGLN2_HUMAN
1093	EGLN3_HUMAN
1094	EHMT1_HUMAN
1095	EHMT2_HUMAN
1096	ELAS_PSEAE
1097	ELAV1_HUMAN
1098	ELF3_HUMAN
1099	ELNE_HUMAN
1100	ELNE_MOUSE
1101	ELOV1_HUMAN
1102	ELOV3_HUMAN
1103	ELOV3_MOUSE
1104	ELOV6_HUMAN
1105	ELOV6_MOUSE
1106	ENASE_HUMAN
1107	ENPL_CANFA
1108	ENPL_HUMAN
1109	ENPP2_HUMAN
1110	ENTE_ECOLI
1111	ENTP1_BOVIN
1112	ENTP1_HUMAN
1113	ENTP2_HUMAN
1114	ENV_HV1H2
1115	ENV_HV1Y2
1116	ENV_MMTVG
1117	EP300_HUMAN
1118	EPAS1_HUMAN
1119	EPHA1_HUMAN
1120	EPHA2_HUMAN
1121	EPHA3_HUMAN
1122	EPHA4_HUMAN
1123	EPHA5_HUMAN
1124	EPHA6_HUMAN
1125	EPHA7_HUMAN
1126	EPHA8_HUMAN
1127	EPHB1_HUMAN
1128	EPHB2_HUMAN
1129	EPHB3_HUMAN
1130	EPHB4_HUMAN
1131	EPHB6_HUMAN
1132	EPOR_HUMAN
1133	EPYC_HUMAN
1134	ERBB2_HUMAN
1135	ERBB2_RAT
1136	ERBB4_HUMAN
1137	ERCC5_HUMAN
1138	ERG1_HUMAN
1139	ERG1_RAT
1140	ERG2_YEAST
1141	ERG7_CANAL
1142	ERG7_HUMAN
1143	ERG7_PNECA
1144	ERG7_RAT
1145	ERG7_YEAST
1146	ERG_HUMAN
1147	ERM_BACSU
1148	ERM_STRPN
1149	ERN1_HUMAN
1150	ERO1A_HUMAN
1151	ERR1_HUMAN
1152	ERR2_HUMAN
1153	ERR3_HUMAN
1154	ESR1_BOVIN
1155	ESR1_HUMAN
1156	ESR1_MOUSE
1157	ESR1_RAT
1158	ESR2_HUMAN
1159	ESR2_MOUSE
1160	ESR2_RAT
1161	EST1_HUMAN
1162	EST1_PIG
1163	EST1_RABIT
1164	EST2_HUMAN
1165	ESTD_PIG
1166	ETHR_MYCTU
1167	EXSA_PSEAE
1168	F13A_HUMAN
1169	F16P1_HUMAN
1170	F16P1_MOUSE
1171	F16P1_PIG
1172	F16P1_RAT
1173	F16P2_HUMAN
1174	FA10_BOVIN
1175	FA10_HUMAN
1176	FA10_RABIT
1177	FA10_RAT
1178	FA11_HUMAN
1179	FA12_HUMAN
1180	FA5_HUMAN
1181	FA7_HUMAN
1182	FA8_HUMAN
1183	FA9_HUMAN
1184	FAAH1_HUMAN
1185	FAAH1_MOUSE
1186	FAAH1_RAT
1187	FAB2_MYCTU
1188	FABH_ECOLI
1189	FABH_ENTFA
1190	FABH_HAEIN
1191	FABH_MYCTU
1192	FABH_STAAM
1193	FABH_STRP3
1194	FABI_BACSU
1195	FABI_ECOLI
1196	FABI_STAAR
1197	FABP4_HUMAN
1198	FABP5_HUMAN
1199	FABPH_HUMAN
1200	FABPI_HUMAN
1201	FABPL_HUMAN
1202	FABPL_RAT
1203	FACE1_MOUSE
1204	FACE2_HUMAN
1205	FADS1_HUMAN
1206	FADS1_RAT
1207	FAK1_HUMAN
1208	FAK2_HUMAN
1209	FAK2_MOUSE
1210	FAS_HUMAN
1211	FAS_MOUSE
1212	FAS_RAT
1213	FCER2_HUMAN
1214	FCGR1_HUMAN
1215	FDFT_HUMAN
1216	FDFT_RAT
1217	FEN1_HUMAN
1218	FER_HUMAN
1219	FES_HUMAN
1220	FFAR1_HUMAN
1221	FFAR1_MOUSE
1222	FGF2_HUMAN
1223	FGFR1_HUMAN
1224	FGFR1_MOUSE
1225	FGFR2_HUMAN
1226	FGFR2_MOUSE
1227	FGFR3_HUMAN
1228	FGFR3_MOUSE
1229	FGFR4_HUMAN
1230	FGFR4_MOUSE
1231	FGR_HUMAN
1232	FGR_RAT
1233	FIBB_HUMAN
1234	FIMH_ECOLI
1235	FKB14_HUMAN
1236	FKB1A_HUMAN
1237	FKB1A_RAT
1238	FKB1B_HUMAN
1239	FKBP3_HUMAN
1240	FKBP4_HUMAN
1241	FLT3_HUMAN
1242	FNTA_BOVIN
1243	FNTA_HUMAN
1244	FNTA_MOUSE
1245	FNTA_RAT
1246	FNTA_YEAST
1247	FNTB_BOVIN
1248	FNTB_HUMAN
1249	FNTB_MOUSE
1250	FNTB_RAT
1251	FNTB_YEAST
1252	FOLB_STAAM
1253	FOLB_STAAN
1254	FOLB_STAAW
1255	FOLC_HUMAN
1256	FOLC_MOUSE
1257	FOLH1_HUMAN
1258	FOLH1_RAT
1259	FOLR1_HUMAN
1260	FOLR2_HUMAN
1261	FOLR3_HUMAN
1262	FOS_HUMAN
1263	FPPS_HUMAN
1264	FPR1_HUMAN
1265	FPS_FUJSV
1266	FRK_HUMAN
1267	FTSZ_MYCTU
1268	FUCO2_HUMAN
1269	FUCO_BOVIN
1270	FUCO_HUMAN
1271	FUCO_RAT
1272	FUMH_PIG
1273	FURIN_HUMAN
1274	FYN_HUMAN
1275	FYN_MOUSE
1276	G3PC_LEIME
1277	G3PG_TRYCR
1278	G3P_HUMAN
1279	G5BRE3_HETGA
1280	G6PC_HUMAN
1281	G6PD_HUMAN
1282	G6PD_YEAST
1283	G6PI_RABIT
1284	GABR1_HUMAN
1285	GABR1_RAT
1286	GABR2_HUMAN
1287	GABR2_RAT
1288	GABT_HUMAN
1289	GABT_PIG
1290	GABT_RAT
1291	GAK_HUMAN
1292	GALE_HUMAN
1293	GALR1_RAT
1294	GALR2_RAT
1295	GALR3_HUMAN
1296	GANAB_HUMAN
1297	GANC_HUMAN
1298	GANC_MOUSE
1299	GASR_HUMAN
1300	GASR_MOUSE
1301	GASR_RAT
1302	GBA2_HUMAN
1303	GBA2_MOUSE
1304	GBA3_HUMAN
1305	GBRA1_BOVIN
1306	GBRA1_HUMAN
1307	GBRA1_MOUSE
1308	GBRA1_RAT
1309	GBRA2_BOVIN
1310	GBRA2_HUMAN
1311	GBRA2_MOUSE
1312	GBRA2_RAT
1313	GBRA3_BOVIN
1314	GBRA3_HUMAN
1315	GBRA3_MOUSE
1316	GBRA3_RAT
1317	GBRA4_BOVIN
1318	GBRA4_HUMAN
1319	GBRA4_MOUSE
1320	GBRA4_RAT
1321	GBRA5_HUMAN
1322	GBRA5_MOUSE
1323	GBRA5_RAT
1324	GBRA6_HUMAN
1325	GBRA6_MOUSE
1326	GBRA6_RAT
1327	GBRB1_BOVIN
1328	GBRB1_HUMAN
1329	GBRB1_MOUSE
1330	GBRB1_RAT
1331	GBRB2_HUMAN
1332	GBRB2_RAT
1333	GBRB3_HUMAN
1334	GBRB3_MOUSE
1335	GBRB3_RAT
1336	GBRB_MUSDO
1337	GBRD_HUMAN
1338	GBRD_MOUSE
1339	GBRD_RAT
1340	GBRE_HUMAN
1341	GBRE_RAT
1342	GBRG1_HUMAN
1343	GBRG1_MOUSE
1344	GBRG1_RAT
1345	GBRG2_BOVIN
1346	GBRG2_HUMAN
1347	GBRG2_MOUSE
1348	GBRG2_RAT
1349	GBRG3_HUMAN
1350	GBRG3_MOUSE
1351	GBRG3_RAT
1352	GBRP_HUMAN
1353	GBRP_MOUSE
1354	GBRP_RAT
1355	GBRR1_HUMAN
1356	GBRR1_RAT
1357	GBRR2_HUMAN
1358	GBRR2_RAT
1359	GBRR3_HUMAN
1360	GBRT_HUMAN
1361	GBRT_MOUSE
1362	GCR_HUMAN
1363	GCR_MOUSE
1364	GCR_RAT
1365	GCYA1_BOVIN
1366	GCYA2_HUMAN
1367	GCYA3_HUMAN
1368	GCYB1_BOVIN
1369	GCYB1_HUMAN
1370	GCYB2_HUMAN
1371	GDE_HUMAN
1372	GDE_RABIT
1373	GGH_HUMAN
1374	GGPPS_HUMAN
1375	GGPPS_YEAST
1376	GGTA1_PIG
1377	GHSR_HUMAN
1378	GHSR_MOUSE
1379	GHSR_PIG
1380	GHSR_RAT
1381	GIPR_HUMAN
1382	GIPR_RAT
1383	GIP_HUMAN
1384	GLCM_BOVIN
1385	GLCM_HUMAN
1386	GLCM_MOUSE
1387	GLI1_HUMAN
1388	GLI2_HUMAN
1389	GLNA_ECOLI
1390	GLNA_HUMAN
1391	GLO2_HUMAN
1392	GLO2_RAT
1393	GLP1R_HUMAN
1394	GLRA1_HUMAN
1395	GLRA1_RAT
1396	GLRA2_HUMAN
1397	GLRA2_RAT
1398	GLRA3_RAT
1399	GLRA4_MOUSE
1400	GLRB_RAT
1401	GLR_HUMAN
1402	GLR_MOUSE
1403	GLR_RAT
1404	GLUCB_CAEEL
1405	GLUC_HUMAN
1406	GLYCP_NIPAV
1407	GNAI1_HUMAN
1408	GNAI3_HUMAN
1409	GNAO_HUMAN
1410	GNPAT_HUMAN
1411	GNRHR_HUMAN
1412	GNRHR_MACMU
1413	GNRHR_RAT
1414	GP119_HUMAN
1415	GP119_RAT
1416	GPER_HUMAN
1417	GPR17_HUMAN
1418	GPR44_HUMAN
1419	GPR44_MOUSE
1420	GPR55_HUMAN
1421	GRAB_HUMAN
1422	GRAM3_HUMAN
1423	GRB2_HUMAN
1424	GRB7_HUMAN
1425	GRIA1_HUMAN
1426	GRIA1_MOUSE
1427	GRIA1_RAT
1428	GRIA2_HUMAN
1429	GRIA2_MOUSE
1430	GRIA2_RAT
1431	GRIA3_HUMAN
1432	GRIA3_MOUSE
1433	GRIA3_RAT
1434	GRIA4_HUMAN
1435	GRIA4_MOUSE
1436	GRIA4_RAT
1437	GRID1_HUMAN
1438	GRIK1_HUMAN
1439	GRIK1_RAT
1440	GRIK2_HUMAN
1441	GRIK2_RAT
1442	GRIK2_XENLA
1443	GRIK3_HUMAN
1444	GRIK3_RAT
1445	GRIK4_HUMAN
1446	GRIK4_RAT
1447	GRIK5_HUMAN
1448	GRIK5_RAT
1449	GRINA_HUMAN
1450	GRK4_HUMAN
1451	GRK5_HUMAN
1452	GRK6_HUMAN
1453	GRK7_HUMAN
1454	GRL1A_RAT
1455	GRM1_HUMAN
1456	GRM1_MOUSE
1457	GRM1_RAT
1458	GRM2_HUMAN
1459	GRM2_RAT
1460	GRM3_HUMAN
1461	GRM3_MOUSE
1462	GRM3_RAT
1463	GRM4_HUMAN
1464	GRM4_RAT
1465	GRM5_HUMAN
1466	GRM5_RAT
1467	GRM6_HUMAN
1468	GRM6_RAT
1469	GRM7_MOUSE
1470	GRM7_RAT
1471	GRM8_HUMAN
1472	GRM8_MOUSE
1473	GRM8_RAT
1474	GRP1_RAT
1475	GRP3_HUMAN
1476	GRP78_HUMAN
1477	GRPR_HUMAN
1478	GRPR_RAT
1479	GSH1_HUMAN
1480	GSHR_HUMAN
1481	GSHR_PLAF7
1482	GSHR_YEAST
1483	GSK3A_HUMAN
1484	GSK3B_HUMAN
1485	GSK3B_MOUSE
1486	GSK3B_RAT
1487	GSP_CRIFA
1488	GSTA1_HUMAN
1489	GSTA2_HUMAN
1490	GSTK1_HUMAN
1491	GSTM1_HUMAN
1492	GSTP1_HUMAN
1493	GST_PLAFA
1494	GTR1_HUMAN
1495	GTR1_RAT
1496	GUAA_MOUSE
1497	GUAD_HUMAN
1498	GYRA_ECOLI
1499	GYRA_MYCTU
1500	GYRB_ECOLI
1501	GYRB_STRPN
1502	HCAR2_HUMAN
1503	HCAR2_MOUSE
1504	HCAR2_RAT
1505	HCAR3_HUMAN
1506	HCD2_HUMAN
1507	HCK_HUMAN
1508	HCN1_MOUSE
1509	HCN2_MOUSE
1510	HCN4_HUMAN
1511	HDA10_HUMAN
1512	HDA11_HUMAN
1513	HDA11_MOUSE
1514	HDAC1_CHICK
1515	HDAC1_HUMAN
1516	HDAC1_MOUSE
1517	HDAC1_RAT
1518	HDAC2_CHICK
1519	HDAC2_HUMAN
1520	HDAC2_MOUSE
1521	HDAC3_CHICK
1522	HDAC3_HUMAN
1523	HDAC3_MOUSE
1524	HDAC3_RAT
1525	HDAC4_CHICK
1526	HDAC4_HUMAN
1527	HDAC4_RAT
1528	HDAC5_HUMAN
1529	HDAC5_MOUSE
1530	HDAC6_HUMAN
1531	HDAC6_MOUSE
1532	HDAC7_HUMAN
1533	HDAC7_MOUSE
1534	HDAC7_RAT
1535	HDAC8_HUMAN
1536	HDAC8_MOUSE
1537	HDAC9_HUMAN
1538	HDAC9_MOUSE
1539	HDAH_ALCSD
1540	HD_HUMAN
1541	HES1_MOUSE
1542	HG2A_HUMAN
1543	HGF_HUMAN
1544	HIF1A_HUMAN
1545	HIPK1_HUMAN
1546	HIPK2_HUMAN
1547	HIPK3_HUMAN
1548	HIPK4_HUMAN
1549	HIS1_MYCTU
1550	HIS7_CRYNB
1551	HIS7_YEAST
1552	HISX_BRAOC
1553	HISX_BRUSU
1554	HMCS1_RAT
1555	HMDH_HUMAN
1556	HMDH_MESAU
1557	HMDH_MOUSE
1558	HMDH_RAT
1559	HMOX1_HUMAN
1560	HMOX1_RAT
1561	HMOX2_RAT
1562	HNMT_RAT
1563	HPGDS_HUMAN
1564	HPPD_PIG
1565	HPPD_RAT
1566	HPRK_BACSU
1567	HPRT_HUMAN
1568	HPSE_HUMAN
1569	HRH1_CAVPO
1570	HRH1_HUMAN
1571	HRH1_RAT
1572	HRH2_CAVPO
1573	HRH2_HUMAN
1574	HRH2_RAT
1575	HRH3_CAVPO
1576	HRH3_HUMAN
1577	HRH3_MOUSE
1578	HRH3_RAT
1579	HRH4_HUMAN
1580	HRH4_MOUSE
1581	HRH4_RAT
1582	HRP1_PLAFA
1583	HS90A_HUMAN
1584	HS90A_MOUSE
1585	HS90B_HUMAN
1586	HSC82_YEAST
1587	HSF1_HUMAN
1588	HSP7C_BOVIN
1589	HSP7C_HUMAN
1590	HSP82_YEAST
1591	HSP90_RABIT
1592	HSPB1_HUMAN
1593	HST2_YEAST
1594	HXK4_HUMAN
1595	HXK4_RAT
1596	HYEP_HUMAN
1597	HYES_HUMAN
1598	HYES_MOUSE
1599	HYES_RAT
1600	I23O1_HUMAN
1601	I23O1_MOUSE
1602	I5P1_HUMAN
1603	I5P2_HUMAN
1604	IBP1_HUMAN
1605	IBP2_HUMAN
1606	IBP3_HUMAN
1607	IBP4_HUMAN
1608	IBP5_HUMAN
1609	IBP6_HUMAN
1610	ICAM1_HUMAN
1611	ICK_HUMAN
1612	ICMT_HUMAN
1613	ICMT_RAT
1614	IF4E_HUMAN
1615	IF4E_MOUSE
1616	IF4E_RABIT
1617	IGA_NEIGO
1618	IGF1R_HUMAN
1619	IGF1R_MOUSE
1620	IGF1R_RAT
1621	IKBA_HUMAN
1622	IKBB_HUMAN
1623	IKBE_HUMAN
1624	IKKA_HUMAN
1625	IKKB_HUMAN
1626	IKKE_HUMAN
1627	IL2RA_HUMAN
1628	IL2RA_MOUSE
1629	IL2RB_HUMAN
1630	IL2_HUMAN
1631	IL2_MOUSE
1632	IL5_MOUSE
1633	IL8_HUMAN
1634	ILK_HUMAN
1635	ILVB_YEAST
1636	IMDH1_HUMAN
1637	IMDH1_MOUSE
1638	IMDH2_HUMAN
1639	IMDH2_MOUSE
1640	IMPA1_BOVIN
1641	IMPA1_HUMAN
1642	IMPA2_HUMAN
1643	INCE_HUMAN
1644	INHA_MYCTU
1645	INMT_HUMAN
1646	INSRR_HUMAN
1647	INSR_HUMAN
1648	INSR_MOUSE
1649	INSR_RAT
1650	IP3KA_HUMAN
1651	IP3KA_RAT
1652	IP3KB_HUMAN
1653	IP3KB_RAT
1654	IP3KC_RAT
1655	IRAK1_HUMAN
1656	IRAK3_HUMAN
1657	IRAK4_HUMAN
1658	IRK11_HUMAN
1659	IRK11_RAT
1660	IRK8_HUMAN
1661	IRK8_RAT
1662	ISPA_ECOLI
1663	ISPE_YERPE
1664	ITA2B_HUMAN
1665	ITA2_HUMAN
1666	ITA4_HUMAN
1667	ITA5_HUMAN
1668	ITAL_HUMAN
1669	ITAL_MOUSE
1670	ITAV_HUMAN
1671	ITB1_HUMAN
1672	ITB1_RAT
1673	ITB2_HUMAN
1674	ITB3_HUMAN
1675	ITB5_HUMAN
1676	ITB6_HUMAN
1677	ITB7_HUMAN
1678	ITK_HUMAN
1679	ITPR1_BOVIN
1680	ITPR1_HUMAN
1681	ITPR1_RAT
1682	ITPR2_BOVIN
1683	ITPR2_HUMAN
1684	ITPR2_RAT
1685	ITPR3_BOVIN
1686	ITPR3_HUMAN
1687	ITPR3_RAT
1688	JAK1_HUMAN
1689	JAK1_MOUSE
1690	JAK2_HUMAN
1691	JAK3_HUMAN
1692	JAK3_MOUSE
1693	JUN_HUMAN
1694	KAP0_HUMAN
1695	KAP1_HUMAN
1696	KAP2_BOVIN
1697	KAP2_HUMAN
1698	KAP3_BOVIN
1699	KAP3_HUMAN
1700	KAPCA_BOVIN
1701	KAPCA_HUMAN
1702	KAPCA_MOUSE
1703	KAPCA_RAT
1704	KAPCB_BOVIN
1705	KAPCB_HUMAN
1706	KAPCB_MOUSE
1707	KAPCG_HUMAN
1708	KAT2B_HUMAN
1709	KAT5_HUMAN
1710	KC1AL_HUMAN
1711	KC1A_HUMAN
1712	KC1A_MOUSE
1713	KC1D_HUMAN
1714	KC1D_MOUSE
1715	KC1D_RAT
1716	KC1E_HUMAN
1717	KC1E_MOUSE
1718	KC1G1_HUMAN
1719	KC1G1_MOUSE
1720	KC1G2_HUMAN
1721	KC1G3_HUMAN
1722	KCAB1_HUMAN
1723	KCC1A_HUMAN
1724	KCC1D_HUMAN
1725	KCC1G_HUMAN
1726	KCC2A_HUMAN
1727	KCC2A_MOUSE
1728	KCC2A_RAT
1729	KCC2B_HUMAN
1730	KCC2B_MOUSE
1731	KCC2B_RAT
1732	KCC2D_HUMAN
1733	KCC2D_RAT
1734	KCC2G_HUMAN
1735	KCC2G_MOUSE
1736	KCC2G_RAT
1737	KCC4_HUMAN
1738	KCMA1_HUMAN
1739	KCMA1_RAT
1740	KCNA1_HUMAN
1741	KCNA2_HUMAN
1742	KCNA3_HUMAN
1743	KCNA4_HUMAN
1744	KCNA5_HUMAN
1745	KCNA7_HUMAN
1746	KCNB1_RAT
1747	KCND2_RAT
1748	KCND3_HUMAN
1749	KCNE1_HUMAN
1750	KCNH1_HUMAN
1751	KCNH2_CAVPO
1752	KCNH2_HUMAN
1753	KCNN1_HUMAN
1754	KCNN1_RAT
1755	KCNN2_HUMAN
1756	KCNN2_RAT
1757	KCNN3_HUMAN
1758	KCNN3_RAT
1759	KCNN4_HUMAN
1760	KCNN4_RAT
1761	KCNQ1_CAVPO
1762	KCNQ1_HUMAN
1763	KCNQ2_HUMAN
1764	KCNQ3_HUMAN
1765	KD4DL_HUMAN
1766	KDM1A_HUMAN
1767	KDM4A_HUMAN
1768	KDM4C_HUMAN
1769	KGP1_BOVIN
1770	KGP1_HUMAN
1771	KGP2_HUMAN
1772	KHDR1_HUMAN
1773	KHK_HUMAN
1774	KIF11_HUMAN
1775	KINA_BACSU
1776	KISSR_HUMAN
1777	KISSR_RAT
1778	KITH_HHV1
1779	KITH_HHV1S
1780	KITH_HUMAN
1781	KITH_RAT
1782	KITH_VZVD
1783	KITM_HUMAN
1784	KIT_HUMAN
1785	KKCC1_HUMAN
1786	KKCC2_HUMAN
1787	KLK10_HUMAN
1788	KLK11_HUMAN
1789	KLK12_HUMAN
1790	KLK13_HUMAN
1791	KLK14_HUMAN
1792	KLK15_HUMAN
1793	KLK1_HUMAN
1794	KLK2_HUMAN
1795	KLK3_HUMAN
1796	KLK4_HUMAN
1797	KLK5_HUMAN
1798	KLK6_HUMAN
1799	KLK7_HUMAN
1800	KLK8_HUMAN
1801	KLK9_HUMAN
1802	KLKB1_HUMAN
1803	KMO_HUMAN
1804	KMO_RAT
1805	KPB1_HUMAN
1806	KPB2_HUMAN
1807	KPBB_HUMAN
1808	KPC1_CANAX
1809	KPCA_BOVIN
1810	KPCA_HUMAN
1811	KPCA_MOUSE
1812	KPCA_RAT
1813	KPCB_HUMAN
1814	KPCB_MOUSE
1815	KPCB_RAT
1816	KPCD1_HUMAN
1817	KPCD2_HUMAN
1818	KPCD3_HUMAN
1819	KPCD_HUMAN
1820	KPCD_MOUSE
1821	KPCD_RAT
1822	KPCE_HUMAN
1823	KPCE_RAT
1824	KPCG_HUMAN
1825	KPCG_MOUSE
1826	KPCG_RAT
1827	KPCI_HUMAN
1828	KPCL_HUMAN
1829	KPCL_MOUSE
1830	KPCL_RAT
1831	KPCT_HUMAN
1832	KPCT_MOUSE
1833	KPCT_RAT
1834	KPCZ_HUMAN
1835	KPCZ_RAT
1836	KPYM_HUMAN
1837	KS6A1_HUMAN
1838	KS6A2_HUMAN
1839	KS6A3_HUMAN
1840	KS6A4_HUMAN
1841	KS6A5_HUMAN
1842	KS6A6_HUMAN
1843	KS6B1_HUMAN
1844	KS6B2_HUMAN
1845	KSYK_HUMAN
1846	KSYK_RAT
1847	KTHY_HUMAN
1848	KTHY_MYCTU
1849	KYNU_HUMAN
1850	KYNU_RAT
1851	LACB_BOVIN
1852	LACTB_HUMAN
1853	LASR_PSEAE
1854	LAT1_RAT
1855	LATS1_HUMAN
1856	LATS2_HUMAN
1857	LCAP_HUMAN
1858	LCAP_RAT
1859	LCK_HUMAN
1860	LCK_MOUSE
1861	LDHA_HUMAN
1862	LDHB_HUMAN
1863	LDHC_HUMAN
1864	LDHD_HUMAN
1865	LDLR_HUMAN
1866	LEF_BACAN
1867	LEG1_HUMAN
1868	LEG3_HUMAN
1869	LEG4_HUMAN
1870	LEG7_HUMAN
1871	LEG8_HUMAN
1872	LEG9_HUMAN
1873	LGMN_HUMAN
1874	LGUL_HUMAN
1875	LGUL_YEAST
1876	LICH_HUMAN
1877	LIMK1_HUMAN
1878	LIMK2_HUMAN
1879	LIPC_HUMAN
1880	LIPE_HUMAN
1881	LIPL_HUMAN
1882	LIPL_RAT
1883	LIPP_PIG
1884	LIPS_HUMAN
1885	LIPS_RAT
1886	LKHA4_CAVPO
1887	LKHA4_HUMAN
1888	LKHA4_MOUSE
1889	LKHA4_RAT
1890	LMBL1_HUMAN
1891	LMBL3_HUMAN
1892	LMCPB_LEIME
1893	LOX12_HUMAN
1894	LOX12_MOUSE
1895	LOX12_PIG
1896	LOX15_HUMAN
1897	LOX15_RABIT
1898	LOX1_SOYBN
1899	LOX5_HUMAN
1900	LOX5_MOUSE
1901	LOX5_RAT
1902	LPAR1_HUMAN
1903	LPAR1_RAT
1904	LPAR2_HUMAN
1905	LPAR3_HUMAN
1906	LPAR3_RAT
1907	LPAR5_HUMAN
1908	LPH_RAT
1909	LPXC_AQUAE
1910	LPXC_ECOLI
1911	LPXC_PSEAE
1912	LSHR_HUMAN
1913	LT4R1_HUMAN
1914	LT4R1_MOUSE
1915	LT4R2_HUMAN
1916	LT4R2_MOUSE
1917	LTK_HUMAN
1918	LUCI_LUCLA
1919	LUCI_PHOPE
1920	LUCI_PHOPY
1921	LUXN_VIBHA
1922	LUXR_VIBFI
1923	LUXS_BACSU
1924	LUXS_ECOLI
1925	LUXS_VIBHB
1926	LX12L_RAT
1927	LX15B_HUMAN
1928	LX15B_RAT
1929	LYAG_BOVIN
1930	LYAG_HUMAN
1931	LYAG_MOUSE
1932	LYAG_RAT
1933	LYAM1_HUMAN
1934	LYAM2_HUMAN
1935	LYAM3_HUMAN
1936	LYN_HUMAN
1937	LYN_RAT
1938	LYPA1_HUMAN
1939	LYSC1_RAT
1940	M3K10_HUMAN
1941	M3K11_HUMAN
1942	M3K13_HUMAN
1943	M3K14_HUMAN
1944	M3K15_HUMAN
1945	M3K1_HUMAN
1946	M3K2_HUMAN
1947	M3K3_HUMAN
1948	M3K4_HUMAN
1949	M3K5_HUMAN
1950	M3K7_HUMAN
1951	M3K8_HUMAN
1952	M3K9_HUMAN
1953	M4K1_HUMAN
1954	M4K2_HUMAN
1955	M4K3_HUMAN
1956	M4K4_HUMAN
1957	M4K5_HUMAN
1958	MA122_DROME
1959	MA1B1_HUMAN
1960	MA2A1_HUMAN
1961	MA2A1_RAT
1962	MA2A2_HUMAN
1963	MA2B1_HUMAN
1964	MA2B2_HUMAN
1965	MA2C1_RAT
1966	MADCA_HUMAN
1967	MAGI3_HUMAN
1968	MAG_HUMAN
1969	MAG_MOUSE
1970	MAL12_YEAST
1971	MAL32_YEAST
1972	MAL62_YEASX
1973	MALX3_YEAST
1974	MANBA_HUMAN
1975	MANBA_RAT
1976	MANR_PSEPU
1977	MAOX_HUMAN
1978	MAPK2_HUMAN
1979	MAPK3_HUMAN
1980	MAPK5_HUMAN
1981	MARK1_HUMAN
1982	MARK2_HUMAN
1983	MARK3_HUMAN
1984	MARK4_HUMAN
1985	MAST1_HUMAN
1986	MAT1_HUMAN
1987	MBTP1_HUMAN
1988	MC3R_HUMAN
1989	MC3R_MOUSE
1990	MC3R_RAT
1991	MC4R_HUMAN
1992	MC4R_MOUSE
1993	MC4R_RAT
1994	MC5R_HUMAN
1995	MC5R_MOUSE
1996	MC5R_RAT
1997	MCHR1_HUMAN
1998	MCHR1_MOUSE
1999	MCHR1_RAT
2000	MCHR2_HUMAN
2001	MCL1_HUMAN
2002	MCL1_MOUSE
2003	MCPT9_MOUSE
2004	MCR_HUMAN
2005	MCR_RAT
2006	MDHC_HUMAN
2007	MDHC_PIG
2008	MDHM_HUMAN
2009	MDHM_PIG
2010	MDH_THETH
2011	MDM2_HUMAN
2012	MDR1_HUMAN
2013	MDR1_MOUSE
2014	MDR2_MOUSE
2015	MDR3_MOUSE
2016	MDTK_ECOLI
2017	MED23_HUMAN
2018	MELK_HUMAN
2019	MENB_MYCTU
2020	MERTK_HUMAN
2021	METC_ECOLI
2022	METK1_RAT
2023	METK2_RAT
2024	MET_HUMAN
2025	MET_MOUSE
2026	MGA_HUMAN
2027	MGLL_HUMAN
2028	MGLL_MOUSE
2029	MGLL_RAT
2030	MGMT_HUMAN
2031	MIF_HUMAN
2032	MINK1_HUMAN
2033	MIP_LEGPN
2034	MK01_HUMAN
2035	MK01_RAT
2036	MK03_HUMAN
2037	MK04_HUMAN
2038	MK06_HUMAN
2039	MK07_HUMAN
2040	MK08_HUMAN
2041	MK08_RAT
2042	MK09_HUMAN
2043	MK10_HUMAN
2044	MK10_RAT
2045	MK11_HUMAN
2046	MK11_MOUSE
2047	MK12_HUMAN
2048	MK12_MOUSE
2049	MK13_HUMAN
2050	MK13_MOUSE
2051	MK14_HUMAN
2052	MK14_MOUSE
2053	MK14_RAT
2054	MK15_HUMAN
2055	MKNK1_HUMAN
2056	MKNK2_HUMAN
2057	MLTK_HUMAN
2058	MMP10_HUMAN
2059	MMP11_HUMAN
2060	MMP11_MOUSE
2061	MMP12_HUMAN
2062	MMP12_MOUSE
2063	MMP12_RAT
2064	MMP13_BOVIN
2065	MMP13_HUMAN
2066	MMP13_RAT
2067	MMP14_HUMAN
2068	MMP15_HUMAN
2069	MMP16_HUMAN
2070	MMP17_HUMAN
2071	MMP1_HUMAN
2072	MMP25_HUMAN
2073	MMP26_HUMAN
2074	MMP2_HUMAN
2075	MMP2_MOUSE
2076	MMP2_RAT
2077	MMP3_HUMAN
2078	MMP7_HUMAN
2079	MMP8_HUMAN
2080	MMP8_RAT
2081	MMP9_HUMAN
2082	MMP9_MOUSE
2083	MMP9_RAT
2084	MOT1_HUMAN
2085	MP2K1_HUMAN
2086	MP2K1_MOUSE
2087	MP2K2_HUMAN
2088	MP2K3_HUMAN
2089	MP2K4_HUMAN
2090	MP2K5_HUMAN
2091	MP2K6_HUMAN
2092	MP2K7_HUMAN
2093	MPIP1_HUMAN
2094	MPIP2_HUMAN
2095	MPIP2_MOUSE
2096	MPIP3_HUMAN
2097	MPI_CANAL
2098	MPI_HUMAN
2099	MPRI_HUMAN
2100	MRAY_BACSU
2101	MRAY_ECOLI
2102	MRAY_STAAR
2103	MRAY_STRP3
2104	MRCKA_HUMAN
2105	MRCKB_HUMAN
2106	MRCKG_HUMAN
2107	MRP1_HUMAN
2108	MRP1_MOUSE
2109	MRP2_HUMAN
2110	MRP3_HUMAN
2111	MSHB_MYCTU
2112	MSHC_MYCTU
2113	MSHR_HUMAN
2114	MSHR_MOUSE
2115	MSRE_HUMAN
2116	MSRE_MOUSE
2117	MST4_HUMAN
2118	MT3_HUMAN
2119	MTAP_HUMAN
2120	MTAP_MOUSE
2121	MTLR_HUMAN
2122	MTNN_ECO57
2123	MTNN_ECOLI
2124	MTNN_VIBCH
2125	MTOR_HUMAN
2126	MTOR_MOUSE
2127	MTOR_RAT
2128	MTP_BOVIN
2129	MTP_HUMAN
2130	MTR1A_CHICK
2131	MTR1A_HUMAN
2132	MTR1B_CHICK
2133	MTR1B_HUMAN
2134	MTR1C_CHICK
2135	MTSI_SPISQ
2136	MURA_ECOLI
2137	MURB_ECOLI
2138	MURB_STAAU
2139	MURI_ENTFA
2140	MURI_HELPJ
2141	MURI_HELPY
2142	MURI_LACFE
2143	MUSK_HUMAN
2144	MVD1_HUMAN
2145	MYLK2_HUMAN
2146	MYLK3_HUMAN
2147	MYLK4_HUMAN
2148	MYLK_CHICK
2149	MYLK_HUMAN
2150	MYO3A_HUMAN
2151	MYO3B_HUMAN
2152	MYO5A_CHICK
2153	NAAA_HUMAN
2154	NADE_BACAN
2155	NADE_BACSU
2156	NADK_HUMAN
2157	NAGZ_PSEAE
2158	NALD2_HUMAN
2159	NAMPT_HUMAN
2160	NANH_CLOPE
2161	NANH_VIBCH
2162	NAT_MYCSM
2163	NCEH1_HUMAN
2164	NCF1_HUMAN
2165	NCOAT_HUMAN
2166	NCOR2_HUMAN
2167	NDUA4_HUMAN
2168	NDUA6_HUMAN
2169	NDUA8_HUMAN
2170	NDUAA_HUMAN
2171	NDUAB_BOVIN
2172	NDUAB_HUMAN
2173	NDUB5_HUMAN
2174	NDUB6_HUMAN
2175	NDUB7_HUMAN
2176	NDUS2_HUMAN
2177	NDUS8_HUMAN
2178	NEC1_HUMAN
2179	NEC2_HUMAN
2180	NEK1_HUMAN
2181	NEK2_HUMAN
2182	NEK5_HUMAN
2183	NEK6_HUMAN
2184	NEK7_HUMAN
2185	NEK9_HUMAN
2186	NEMO_HUMAN
2187	NEP_HUMAN
2188	NEP_MOUSE
2189	NEP_PIG
2190	NEP_RABIT
2191	NEP_RAT
2192	NEUR1_HUMAN
2193	NEUR2_HUMAN
2194	NEUR3_HUMAN
2195	NEUR4_HUMAN
2196	NFKB1_HUMAN
2197	NFKB2_HUMAN
2198	NHAA_ECOLI
2199	NICA_HUMAN
2200	NIM1_HUMAN
2201	NISCH_HUMAN
2202	NISCH_RAT
2203	NK1R_CAVPO
2204	NK1R_HUMAN
2205	NK1R_MOUSE
2206	NK1R_RAT
2207	NK2R_BOVIN
2208	NK2R_CAVPO
2209	NK2R_HUMAN
2210	NK2R_MOUSE
2211	NK2R_RAT
2212	NK3R_CAVPO
2213	NK3R_HUMAN
2214	NK3R_RAT
2215	NLK_HUMAN
2216	NLTP_HUMAN
2217	NMBR_HUMAN
2218	NMBR_RAT
2219	NMD3A_HUMAN
2220	NMD3A_RAT
2221	NMD3B_HUMAN
2222	NMD3B_MOUSE
2223	NMD3B_RAT
2224	NMDE1_HUMAN
2225	NMDE1_MOUSE
2226	NMDE1_RAT
2227	NMDE2_HUMAN
2228	NMDE2_MOUSE
2229	NMDE2_RAT
2230	NMDE3_HUMAN
2231	NMDE3_MOUSE
2232	NMDE3_RAT
2233	NMDE4_HUMAN
2234	NMDE4_MOUSE
2235	NMDE4_RAT
2236	NMDZ1_HUMAN
2237	NMDZ1_MOUSE
2238	NMDZ1_RAT
2239	NMT1_HUMAN
2240	NMT2_HUMAN
2241	NMT_CANAL
2242	NMT_YEAST
2243	NMUR1_HUMAN
2244	NMUR2_HUMAN
2245	NORA_STAAU
2246	NOS1_HUMAN
2247	NOS1_MOUSE
2248	NOS1_RAT
2249	NOS2_HUMAN
2250	NOS2_MOUSE
2251	NOS2_RAT
2252	NOS3_BOVIN
2253	NOS3_HUMAN
2254	NOS3_MOUSE
2255	NOS3_PIG
2256	NOS3_RAT
2257	NOX1_HUMAN
2258	NOX4_HUMAN
2259	NPCL1_HUMAN
2260	NPCL1_MOUSE
2261	NPCL1_RAT
2262	NPFF2_RAT
2263	NPM_HUMAN
2264	NPY1R_HUMAN
2265	NPY1R_RAT
2266	NPY2R_HUMAN
2267	NPY4R_HUMAN
2268	NPY5R_HUMAN
2269	NPY5R_MOUSE
2270	NPY5R_RAT
2271	NQO1_HUMAN
2272	NQO2_HUMAN
2273	NR0B2_HUMAN
2274	NR1H2_HUMAN
2275	NR1H3_HUMAN
2276	NR1H4_HUMAN
2277	NR1I2_HUMAN
2278	NR1I3_MOUSE
2279	NR4A2_HUMAN
2280	NR5A2_HUMAN
2281	NRAM_I34A1
2282	NRAM_I68A0
2283	NRAM_INBLE
2284	NRP1_HUMAN
2285	NSMA_HUMAN
2286	NSMA_RAT
2287	NTCP2_HUMAN
2288	NTCP_HUMAN
2289	NTR1_HUMAN
2290	NTR1_MOUSE
2291	NTR1_RAT
2292	NTR2_HUMAN
2293	NTR2_MOUSE
2294	NTRK1_HUMAN
2295	NTRK2_HUMAN
2296	NTRK3_HUMAN
2297	NU1M_HUMAN
2298	NU2M_HUMAN
2299	NU3M_HUMAN
2300	NU4LM_HUMAN
2301	NU4M_HUMAN
2302	NU5M_HUMAN
2303	NU6M_HUMAN
2304	NUAK1_HUMAN
2305	NUAK2_HUMAN
2306	O07746_MYCTU
2307	O07911_STAAU
2308	O15648_9TRYP
2309	O19067_PIG
2310	O30463_MYCAV
2311	O35880_RAT
2312	O46399_SHEEP
2313	O49150_SOLTU
2314	O53430_MYCTU
2315	O60989_PLAVI
2316	O69002_PSEAI
2317	O69638_MYCTU
2318	O70282_RAT
2319	O77078_PLAFA
2320	O77669_CANFA
2321	O77773_PIG
2322	O77823_PIG
2323	O82865_MICLU
2324	O87171_PSEPA
2325	O93874_CURLU
2326	O96214_PLAFA
2327	O97467_PLAFA
2328	OGT1_HUMAN
2329	OPRD_HUMAN
2330	OPRD_MOUSE
2331	OPRD_PIG
2332	OPRD_RAT
2333	OPRK_CAVPO
2334	OPRK_HUMAN
2335	OPRK_MOUSE
2336	OPRK_RAT
2337	OPRM_BOVIN
2338	OPRM_CAVPO
2339	OPRM_HUMAN
2340	OPRM_MACMU
2341	OPRM_MOUSE
2342	OPRM_RAT
2343	OPRX_HUMAN
2344	OPRX_RAT
2345	OST48_HUMAN
2346	OTC_HUMAN
2347	OX1R_HUMAN
2348	OX2R_HUMAN
2349	OXDA_HUMAN
2350	OXDA_PIG
2351	OXDA_RAT
2352	OXDD_HUMAN
2353	OXER1_HUMAN
2354	OXGR1_RAT
2355	OXSR1_HUMAN
2356	OXYR_HUMAN
2357	OXYR_RAT
2358	P2RX1_HUMAN
2359	P2RX1_RAT
2360	P2RX3_HUMAN
2361	P2RX4_RAT
2362	P2RX7_HUMAN
2363	P2RX7_MOUSE
2364	P2RX7_RAT
2365	P2RY1_HUMAN
2366	P2RY6_HUMAN
2367	P2Y12_HUMAN
2368	P3C2A_HUMAN
2369	P3C2B_HUMAN
2370	P3C2G_HUMAN
2371	P4HA1_RAT
2372	P4HTM_HUMAN
2373	P4K2A_HUMAN
2374	P4K2B_HUMAN
2375	P53_HUMAN
2376	P71716_MYCTU
2377	P79248_PIG
2378	P85A_HUMAN
2379	P85B_HUMAN
2380	P88142_9HIV2
2381	P89582_9HIV2
2382	P90584_PLAFA
2383	P94451_GEOSE
2384	P95276_MYCTU
2385	P96830_MYCTU
2386	P96878_MYCTU
2387	P97706_RAT
2388	PA21B_HUMAN
2389	PA21B_MOUSE
2390	PA21B_NAJME
2391	PA21B_NAJMO
2392	PA21B_PIG
2393	PA21B_RAT
2394	PA24A_HUMAN
2395	PA24B_HUMAN
2396	PA24C_HUMAN
2397	PA24D_HUMAN
2398	PA2A_PROFL
2399	PA2G5_HUMAN
2400	PA2G5_MOUSE
2401	PA2G6_HUMAN
2402	PA2GA_HUMAN
2403	PA2GA_MOUSE
2404	PA2GA_RABIT
2405	PA2GA_RAT
2406	PA2GC_HUMAN
2407	PA2GD_HUMAN
2408	PA2GD_MOUSE
2409	PA2GE_HUMAN
2410	PA2GE_MOUSE
2411	PA2GF_HUMAN
2412	PA2GF_MOUSE
2413	PA2GX_HUMAN
2414	PA2GX_MOUSE
2415	PA2_APIME
2416	PA2_CROAD
2417	PACR_HUMAN
2418	PAFA_HUMAN
2419	PAI1_HUMAN
2420	PAI1_RAT
2421	PAK1_HUMAN
2422	PAK2_HUMAN
2423	PAK3_HUMAN
2424	PAK4_HUMAN
2425	PAK6_HUMAN
2426	PAK7_HUMAN
2427	PANC_MYCTU
2428	PAOX_HUMAN
2429	PAOX_MOUSE
2430	PAO_MAIZE
2431	PAPA1_CARPA
2432	PAR1_HUMAN
2433	PARC_STAAU
2434	PARG_BOVIN
2435	PARG_HUMAN
2436	PARP1_BOVIN
2437	PARP1_HUMAN
2438	PARP1_MOUSE
2439	PARP1_RAT
2440	PARP2_HUMAN
2441	PARP2_MOUSE
2442	PARP3_HUMAN
2443	PARP4_HUMAN
2444	PBPX_STRPN
2445	PCFT_HUMAN
2446	PCKGC_HUMAN
2447	PCKGC_RAT
2448	PCKGM_HUMAN
2449	PCP_HUMAN
2450	PCP_MOUSE
2451	PCSK5_HUMAN
2452	PCSK6_HUMAN
2453	PCSK7_HUMAN
2454	PD2R_HUMAN
2455	PD2R_MOUSE
2456	PDCD4_HUMAN
2457	PDE10_HUMAN
2458	PDE10_MOUSE
2459	PDE10_RAT
2460	PDE11_HUMAN
2461	PDE1A_BOVIN
2462	PDE1A_HUMAN
2463	PDE1B_BOVIN
2464	PDE1B_HUMAN
2465	PDE1B_RAT
2466	PDE1C_HUMAN
2467	PDE1C_RAT
2468	PDE2A_BOVIN
2469	PDE2A_HUMAN
2470	PDE2A_RAT
2471	PDE3A_HUMAN
2472	PDE3A_RAT
2473	PDE3B_HUMAN
2474	PDE3B_RAT
2475	PDE4A_HUMAN
2476	PDE4A_MOUSE
2477	PDE4A_RAT
2478	PDE4B_HUMAN
2479	PDE4B_RAT
2480	PDE4C_HUMAN
2481	PDE4C_MOUSE
2482	PDE4C_RAT
2483	PDE4D_HUMAN
2484	PDE4D_MOUSE
2485	PDE4D_RAT
2486	PDE5A_BOVIN
2487	PDE5A_HUMAN
2488	PDE5A_RAT
2489	PDE6A_BOVIN
2490	PDE6A_CANFA
2491	PDE6A_HUMAN
2492	PDE6B_BOVIN
2493	PDE6B_HUMAN
2494	PDE6C_BOVIN
2495	PDE6C_HUMAN
2496	PDE6D_BOVIN
2497	PDE6D_HUMAN
2498	PDE7A_HUMAN
2499	PDE7A_RAT
2500	PDE7B_HUMAN
2501	PDE8A_HUMAN
2502	PDE8B_HUMAN
2503	PDE9A_HUMAN
2504	PDK1_HUMAN
2505	PDK1_RAT
2506	PDK2_HUMAN
2507	PDK2_RAT
2508	PDK3_HUMAN
2509	PDK4_HUMAN
2510	PDPK1_HUMAN
2511	PDR5_YEAST
2512	PDYN_HUMAN
2513	PE2R1_HUMAN
2514	PE2R1_MOUSE
2515	PE2R1_RAT
2516	PE2R2_HUMAN
2517	PE2R2_MOUSE
2518	PE2R2_RAT
2519	PE2R3_HUMAN
2520	PE2R3_MOUSE
2521	PE2R3_RAT
2522	PE2R4_HUMAN
2523	PE2R4_MOUSE
2524	PE2R4_RAT
2525	PEN2_HUMAN
2526	PENP_PENJA
2527	PEPA_HUMAN
2528	PEPA_PIG
2529	PEPC_HUMAN
2530	PEPC_RAT
2531	PEPD_HUMAN
2532	PERF_HUMAN
2533	PERM_HUMAN
2534	PF2R_BOVIN
2535	PF2R_HUMAN
2536	PF2R_MOUSE
2537	PGDH_HUMAN
2538	PGES2_HUMAN
2539	PGFRA_HUMAN
2540	PGFRA_MOUSE
2541	PGFRA_RAT
2542	PGFRB_HUMAN
2543	PGFRB_MOUSE
2544	PGFRB_RAT
2545	PGH1_BOVIN
2546	PGH1_HUMAN
2547	PGH1_MOUSE
2548	PGH1_RABIT
2549	PGH1_RAT
2550	PGH1_SHEEP
2551	PGH2_BOVIN
2552	PGH2_HUMAN
2553	PGH2_MOUSE
2554	PGH2_RABIT
2555	PGH2_RAT
2556	PGH2_SHEEP
2557	PGK1_HUMAN
2558	PGK2_HUMAN
2559	PGK_YEAST
2560	PGTB1_BOVIN
2561	PGTB1_HUMAN
2562	PGTB1_MOUSE
2563	PGTB1_RAT
2564	PH4H_HUMAN
2565	PH4H_RAT
2566	PHHY_PSEFL
2567	PHKG1_HUMAN
2568	PHKG2_HUMAN
2569	PHLC_BACCE
2570	PHLP2_HUMAN
2571	PHO85_YEAST
2572	PI2R_HUMAN
2573	PI42B_HUMAN
2574	PI42C_HUMAN
2575	PI4KA_HUMAN
2576	PI4KB_HUMAN
2577	PI51A_HUMAN
2578	PIM1_HUMAN
2579	PIM2_HUMAN
2580	PIM3_HUMAN
2581	PIN1_HUMAN
2582	PIP_SERMA
2583	PK3C3_HUMAN
2584	PK3CA_BOVIN
2585	PK3CA_HUMAN
2586	PK3CA_MOUSE
2587	PK3CB_HUMAN
2588	PK3CD_HUMAN
2589	PK3CG_HUMAN
2590	PKD1_HUMAN
2591	PKD2_HUMAN
2592	PKN1_HUMAN
2593	PKN2_HUMAN
2594	PKR1_HUMAN
2595	PKR2_HUMAN
2596	PLAP_HUMAN
2597	PLB1_CRYNB
2598	PLCB3_HUMAN
2599	PLCB_HUMAN
2600	PLCG1_BOVIN
2601	PLCG1_HUMAN
2602	PLCG1_RAT
2603	PLCG2_HUMAN
2604	PLCL1_RAT
2605	PLD1_HUMAN
2606	PLD2_HUMAN
2607	PLK1_HUMAN
2608	PLK2_HUMAN
2609	PLK3_HUMAN
2610	PLK4_HUMAN
2611	PLM1_PLAFA
2612	PLM2_PLAFA
2613	PLMN_BOVIN
2614	PLMN_HUMAN
2615	PLMN_MOUSE
2616	PLMN_RAT
2617	PMM2_HUMAN
2618	PMT1_CANAL
2619	PMYT1_HUMAN
2620	PNMT_BOVIN
2621	PNMT_HUMAN
2622	PNPH_BOVIN
2623	PNPH_HUMAN
2624	PNPH_MOUSE
2625	PNPH_RAT
2626	POLG_DEN26
2627	POLG_HCV1
2628	POLG_HCVBK
2629	POLG_HCVCO
2630	POLG_HRV16
2631	POLG_POL1M
2632	POLG_WNV
2633	PP1A_HUMAN
2634	PP1G_HUMAN
2635	PP2AA_BOVIN
2636	PP2AA_HUMAN
2637	PP2AA_MOUSE
2638	PP2AB_HUMAN
2639	PPAC_BOVIN
2640	PPAC_HUMAN
2641	PPAF_PHAVU
2642	PPAL_YEAST
2643	PPAP_HUMAN
2644	PPARA_CANFA
2645	PPARA_HUMAN
2646	PPARA_MOUSE
2647	PPARA_RAT
2648	PPARD_HUMAN
2649	PPARD_MOUSE
2650	PPARG_HUMAN
2651	PPARG_MOUSE
2652	PPARG_RAT
2653	PPBI_BOVIN
2654	PPBN_HUMAN
2655	PPBT_HUMAN
2656	PPBT_RAT
2657	PPCE_BOVIN
2658	PPCE_FLAME
2659	PPCE_HUMAN
2660	PPCE_MOUSE
2661	PPCE_PIG
2662	PPCE_RAT
2663	PPGB_HUMAN
2664	PPIA_HUMAN
2665	PPIA_RAT
2666	PPM1A_HUMAN
2667	PPM1B_HUMAN
2668	PPM1J_MOUSE
2669	PPOX_BACSU
2670	PPR_EBVB9
2671	PPR_HCMVA
2672	PPR_HHV11
2673	PPR_HHV2H
2674	PPR_HHV6U
2675	PRGR_CHICK
2676	PRGR_HUMAN
2677	PRGR_RABIT
2678	PRGR_RAT
2679	PRIM_HHV11
2680	PRIO_HUMAN
2681	PRKDC_HUMAN
2682	PRKX_HUMAN
2683	PROC_HUMAN
2684	PRO_HTL1A
2685	PRP4_HUMAN
2686	PRSS8_HUMAN
2687	PRTN3_MOUSE
2688	PSA_HUMAN
2689	PSB1_HUMAN
2690	PSB1_YEAST
2691	PSB2_HUMAN
2692	PSB5_HUMAN
2693	PSB5_YEAST
2694	PSB8_HUMAN
2695	PSMG1_HUMAN
2696	PSMG2_HUMAN
2697	PSMG3_HUMAN
2698	PSN1_HUMAN
2699	PSN2_HUMAN
2700	PTAFR_CAVPO
2701	PTAFR_HUMAN
2702	PTAFR_MOUSE
2703	PTAFR_RAT
2704	PTCA_HUMAN
2705	PTGDS_BOVIN
2706	PTGDS_MOUSE
2707	PTGES_HUMAN
2708	PTGIS_HUMAN
2709	PTH1R_HUMAN
2710	PTK6_HUMAN
2711	PTN11_HUMAN
2712	PTN12_HUMAN
2713	PTN13_HUMAN
2714	PTN1_HUMAN
2715	PTN1_MOUSE
2716	PTN1_RAT
2717	PTN22_HUMAN
2718	PTN2_HUMAN
2719	PTN6_HUMAN
2720	PTN7_HUMAN
2721	PTP1_YEAST
2722	PTPA_HUMAN
2723	PTPA_MYCTU
2724	PTPRA_HUMAN
2725	PTPRB_HUMAN
2726	PTPRC_HUMAN
2727	PTPRF_HUMAN
2728	PTR1_LEIMA
2729	PUR2_HUMAN
2730	PUR2_MOUSE
2731	PUR6_CHICK
2732	PUR9_HUMAN
2733	PUR9_MOUSE
2734	PURA2_HUMAN
2735	PYGB_HUMAN
2736	PYGL_HUMAN
2737	PYGL_MOUSE
2738	PYGL_RAT
2739	PYGM_HUMAN
2740	PYGM_RABIT
2741	PYR1_HUMAN
2742	PYRD_HUMAN
2743	PYRD_MOUSE
2744	PYRD_RAT
2745	PYRF_METTH
2746	PYRF_YEAST
2747	Q06347_9HIV2
2748	Q0GKD7_LEIDO
2749	Q0PJ46_PLAFA
2750	Q0PXQ5_HELPX
2751	Q0VTR6_ACIG3
2752	Q0VTR8_ACIG3
2753	Q17066_ASTPE
2754	Q197X6_TOXGO
2755	Q1HEC0_RAT
2756	Q20MD5_9INFA
2757	Q25262_LEIDO
2758	Q25270_LEIDO
2759	Q25615_ONCVO
2760	Q28953_PIG
2761	Q2HXR2_TOXGO
2762	Q2LFS1_9INFA
2763	Q2PCB5_DICLA
2764	Q2TJZ7_PIG
2765	Q2V0Y6_ECOLX
2766	Q2XPY6_SALET
2767	Q2XUH7_PIG
2768	Q38DI7_TRYB2
2769	Q3HTL5_PLAFA
2770	Q3I4V7_CRYNV
2771	Q3S5C3_SALNE
2772	Q3T905_HELZE
2773	Q3ZDS5_9HEPC
2774	Q43014_PRUAV
2775	Q43445_SOYBN
2776	Q43570_TOBAC
2777	Q46991_ENTCL
2778	Q47245_ECOLX
2779	Q48435_KLEPN
2780	Q499N1_RAT
2781	Q49PX0_9POXV
2782	Q4CXF7_TRYCC
2783	Q4Q5W4_LEIMA
2784	Q4TVR4_KLEPN
2785	Q4U254_9ENTO
2786	Q4VQ11_PIG
2787	Q4WNT5_ASPFU
2788	Q50565_METTH
2789	Q50H31_BRAPL
2790	Q533H1_FELCA
2791	Q53729_STAAU
2792	Q53I59_TRYCR
2793	Q54A96_PLAFA
2794	Q56D22_MACMU
2795	Q56D28_CAVPO
2796	Q59401_ENTCL
2797	Q5AJ71_CANAL
2798	Q5CGA3_CRYHO
2799	Q5DUH8_COFAR
2800	Q5EI73_PLAFA
2801	Q5EI74_PLAFA
2802	Q5EM59_BOVIN
2803	Q5NGP7_FRATT
2804	Q5RJZ2_RAT
2805	Q5SC61_TOXGO
2806	Q5TIX5_MYCSM
2807	Q5VLE3_EMEND
2808	Q5XX84_CANFA
2809	Q63380_RAT
2810	Q64546_RAT
2811	Q65ZF5_NAJNA
2812	Q6FTL6_CANGA
2813	Q6GWS8_ECOLX
2814	Q6IE76_BOVIN
2815	Q6IMK5_RAT
2816	Q6IMK6_RAT
2817	Q6JP75_SERFO
2818	Q6L709_HHV2
2819	Q6MGC4_RAT
2820	Q6PRC7_IXORI
2821	Q6Q793_9INFA
2822	Q6R7Z5_9TRYP
2823	Q6RY99_RAT
2824	Q6UB75_PIG
2825	Q6UCJ9_TOXGO
2826	Q6VVP7_PLAFA
2827	Q6W9J1_ENTCL
2828	Q6XKD3_RAT
2829	Q70E71_9ENTE
2830	Q72547_9HIV1
2831	Q72874_9HIV1
2832	Q77YF8_9HIV1
2833	Q79MP6_PSEAI
2834	Q7A3H4_STAAN
2835	Q7ARH8_YERPE
2836	Q7CGS5_YERPE
2837	Q7DHH4_STAAU
2838	Q7JHP9_MACMU
2839	Q7K6A1_PLAF7
2840	Q7M3D2_RABIT
2841	Q7T3S7_ECHCA
2842	Q7T838_HCMV
2843	Q7X1P7_STRPN
2844	Q7X575_ECOLX
2845	Q7YY07_CRYPV
2846	Q7YY76_CRYPV
2847	Q7ZJM1_9HIV1
2848	Q80T35_MOUSE
2849	Q80T43_MOUSE
2850	Q80T47_MOUSE
2851	Q80Z26_RAT
2852	Q81LQ4_BACAN
2853	Q81R22_BACAN
2854	Q81VW8_BACAN
2855	Q82323_9DELA
2856	Q83TT7_ECOLX
2857	Q862F3_BOVIN
2858	Q862L2_BOVIN
2859	Q864F1_PIG
2860	Q865E1_MACMU
2861	Q873X9_ASPFM
2862	Q8AWE3_CHICK
2863	Q8BGP7_MOUSE
2864	Q8CFB8_MOUSE
2865	Q8CFM9_RAT
2866	Q8DNV6_STRR6
2867	Q8HY88_BOVIN
2868	Q8HZR1_CANFA
2869	Q8II92_PLAF7
2870	Q8IM16_PLAF7
2871	Q8IXA3_HUMAN
2872	Q8JXU8_9HEPC
2873	Q8MHZ5_SHEEP
2874	Q8MMZ8_EIMTE
2875	Q8MTZ4_9TRYP
2876	Q8QGU2_CHICK
2877	Q8SPQ9_CANFA
2878	Q8ST54_TRYCR
2879	Q8T6J6_PLAFA
2880	Q8T6T2_CRYPV
2881	Q8T8E7_9TRYP
2882	Q8T8E9_9TRYP
2883	Q8T9Z7_PLAFA
2884	Q8VBU5_MOUSE
2885	Q8VIE4_RAT
2886	Q8WMX0_BOVIN
2887	Q8WS26_TRYCR
2888	Q91WG0_MOUSE
2889	Q91ZM7_RAT
2890	Q94F81_MAIZE
2891	Q95214_RABIT
2892	Q95J97_RABIT
2893	Q95PM0_TRYBR
2894	Q95WR6_LEIDO
2895	Q962Y6_SCHMA
2896	Q964Q8_TRYCR
2897	Q965D5_PLAFA
2898	Q965D6_PLAFA
2899	Q965D7_PLAFA
2900	Q96W81_ASPFM
2901	Q97R43_STRPN
2902	Q993A8_9HIV1
2903	Q99MA2_RAT
2904	Q99MI5_RAT
2905	Q99P97_RAT
2906	Q9AQH7_STAAU
2907	Q9BDP5_BOVIN
2908	Q9BEG3_BOVIN
2909	Q9BJF5_TOXGO
2910	Q9BJJ9_PLAFA
2911	Q9EPR9_RAT
2912	Q9ERC0_RAT
2913	Q9ERV0_RAT
2914	Q9EXV5_ECOLX
2915	Q9FBC5_STRPN
2916	Q9GPG0_MANSE
2917	Q9GPQ4_TRYVI
2918	Q9GRG7_9TRYP
2919	Q9GSW0_PLAFA
2920	Q9H3Q8_HUMAN
2921	Q9HUN3_PSEAE
2922	Q9I056_PSEAE
2923	Q9I8A2_CHICK
2924	Q9I8C9_CHICK
2925	Q9JKC1_RAT
2926	Q9JLY8_RAT
2927	Q9JN24_ECOLX
2928	Q9LGC6_ORYSJ
2929	Q9MYX2_PIG
2930	Q9MZB0_SHEEP
2931	Q9N1N9_HORSE
2932	Q9N6S8_PLAFA
2933	Q9NAW2_PLAFA
2934	Q9NAW4_PLAFA
2935	Q9NBA7_PLAFA
2936	Q9NBD4_PLAFA
2937	Q9NFS5_PLAFA
2938	Q9QXI6_MOUSE
2939	Q9R297_RAT
2940	Q9RK76_STRCO
2941	Q9S446_STAAU
2942	Q9SEH8_SOYBN
2943	Q9W6Q1_9SALA
2944	Q9WTR4_RAT
2945	Q9XAY4_PSEAI
2946	Q9XSW7_PIG
2947	Q9XYC7_PLAFA
2948	Q9Y006_PLAFA
2949	Q9Y0I0_9TRYP
2950	Q9ZTP8_MAIZE
2951	QPCT_HUMAN
2952	R1AB_CVHSA
2953	R1A_CVHSA
2954	RABP1_CHICK
2955	RABP1_MOUSE
2956	RABP2_MOUSE
2957	RAC1_HUMAN
2958	RAF1_HUMAN
2959	RAMP1_HUMAN
2960	RAP1A_HUMAN
2961	RARA_HUMAN
2962	RARA_MOUSE
2963	RARB_HUMAN
2964	RARB_MOUSE
2965	RARG_HUMAN
2966	RARG_MOUSE
2967	RASH_HUMAN
2968	RBBP9_HUMAN
2969	RB_HUMAN
2970	RENI1_MOUSE
2971	RENI_CALJA
2972	RENI_HUMAN
2973	RENI_MACMU
2974	RENI_RAT
2975	REST_BORBU
2976	RET1_HUMAN
2977	RET2_HUMAN
2978	RET3_HUMAN
2979	RET4_HUMAN
2980	RET5_HUMAN
2981	RET7_HUMAN
2982	RET_HUMAN
2983	RFA1_HUMAN
2984	RHOA_HUMAN
2985	RIOK1_HUMAN
2986	RIOK2_HUMAN
2987	RIOK3_HUMAN
2988	RIPK1_HUMAN
2989	RIPK2_HUMAN
2990	RIPK4_HUMAN
2991	RIR1_HHV11
2992	RIR1_HHV23
2993	RIR1_HUMAN
2994	RIR1_MOUSE
2995	RIR2_HHV1K
2996	RIR2_HHV23
2997	RIR2_HUMAN
2998	RIR2_MOUSE
2999	RISB_MYCTU
3000	RK_HUMAN
3001	RNAS1_BOVIN
3002	RNAS1_HUMAN
3003	RNAS2_HUMAN
3004	RNH1_HUMAN
3005	ROCK1_HUMAN
3006	ROCK1_RAT
3007	ROCK2_HUMAN
3008	ROCK2_RAT
3009	RON_HUMAN
3010	RON_MOUSE
3011	RORA_HUMAN
3012	ROS1_HUMAN
3013	RPC10_HUMAN
3014	RPC4_HUMAN
3015	RPC6_HUMAN
3016	RPOB_ECOLI
3017	RPOD_ECOLI
3018	RXRA_HUMAN
3019	RXRA_MOUSE
3020	RXRA_RAT
3021	RXRB_HUMAN
3022	RXRB_MOUSE
3023	RXRB_RAT
3024	RXRG_HUMAN
3025	RXRG_MOUSE
3026	RXRG_RAT
3027	RY44_DROME
3028	RYR1_HUMAN
3029	RYR1_PIG
3030	RYR1_RABIT
3031	RYR3_HUMAN
3032	S100B_HUMAN
3033	S10AA_HUMAN
3034	S15A1_HUMAN
3035	S15A2_RAT
3036	S19A1_HUMAN
3037	S19A2_HUMAN
3038	S1PR1_HUMAN
3039	S1PR2_HUMAN
3040	S1PR3_HUMAN
3041	S1PR4_HUMAN
3042	S1PR5_HUMAN
3043	S22A1_HUMAN
3044	S22A6_HUMAN
3045	S22A6_MOUSE
3046	S22A6_RAT
3047	S22AC_HUMAN
3048	S22AK_MOUSE
3049	S27A4_HUMAN
3050	S28A3_HUMAN
3051	S29A1_HUMAN
3052	S29A1_RAT
3053	S5A1_HUMAN
3054	S5A1_RAT
3055	S5A2_HUMAN
3056	S5A2_RAT
3057	S6A11_HUMAN
3058	S6A11_MOUSE
3059	S6A11_RAT
3060	S6A12_HUMAN
3061	S6A12_RAT
3062	S6A13_MOUSE
3063	S6A13_RAT
3064	SAHH_HUMAN
3065	SAHH_MOUSE
3066	SAHH_PLAF7
3067	SAHH_RAT
3068	SATT_HUMAN
3069	SC5A1_HUMAN
3070	SC5A1_RAT
3071	SC5A2_HUMAN
3072	SC5A2_MOUSE
3073	SC5A2_RAT
3074	SC5A4_HUMAN
3075	SC5A7_HUMAN
3076	SC5A7_MOUSE
3077	SC5A7_RAT
3078	SC5AB_HUMAN
3079	SC6A1_HUMAN
3080	SC6A1_MOUSE
3081	SC6A1_RAT
3082	SC6A2_HUMAN
3083	SC6A2_MOUSE
3084	SC6A3_BOVIN
3085	SC6A3_HUMAN
3086	SC6A3_MACFA
3087	SC6A3_MOUSE
3088	SC6A3_RAT
3089	SC6A4_HUMAN
3090	SC6A4_MACMU
3091	SC6A4_MOUSE
3092	SC6A4_RAT
3093	SC6A5_HUMAN
3094	SC6A5_RAT
3095	SC6A8_RAT
3096	SC6A9_HUMAN
3097	SC6A9_MOUSE
3098	SC6A9_RAT
3099	SCN1A_HUMAN
3100	SCN1A_RAT
3101	SCN2A_HUMAN
3102	SCN2A_RAT
3103	SCN3A_HUMAN
3104	SCN3A_RAT
3105	SCN4A_HUMAN
3106	SCN4A_RAT
3107	SCN5A_HUMAN
3108	SCN5A_RAT
3109	SCN7A_HUMAN
3110	SCN8A_HUMAN
3111	SCN8A_RAT
3112	SCN9A_HUMAN
3113	SCN9A_RAT
3114	SCNAA_HUMAN
3115	SCNAA_MOUSE
3116	SCNAA_RAT
3117	SCNBA_HUMAN
3118	SCNBA_RAT
3119	SCNNA_HUMAN
3120	SCYD_MAGO7
3121	SEPR_HUMAN
3122	SERPH_HUMAN
3123	SETD7_HUMAN
3124	SF3B3_HUMAN
3125	SFRP1_HUMAN
3126	SG110_HUMAN
3127	SGK1_HUMAN
3128	SGMR1_CAVPO
3129	SGMR1_HUMAN
3130	SGMR1_MOUSE
3131	SGMR1_RAT
3132	SGPL1_MOUSE
3133	SHBG_HUMAN
3134	SHBG_RAT
3135	SHC1_HUMAN
3136	SHH_HUMAN
3137	SHH_MOUSE
3138	SIK1_HUMAN
3139	SIK2_HUMAN
3140	SIR2_YEAST
3141	SIRT1_HUMAN
3142	SIRT2_HUMAN
3143	SIRT3_HUMAN
3144	SL9A1_HUMAN
3145	SL9A1_RABIT
3146	SL9A1_RAT
3147	SL9A2_HUMAN
3148	SL9A2_RABIT
3149	SL9A3_RABIT
3150	SLK_HUMAN
3151	SMO_HUMAN
3152	SMO_MOUSE
3153	SMT1_ARATH
3154	SNAT_SHEEP
3155	SOAT1_HUMAN
3156	SOAT1_MOUSE
3157	SOAT1_RAT
3158	SOAT2_HUMAN
3159	SOAT2_MOUSE
3160	SOAT2_RAT
3161	SP0F_BACSU
3162	SPEE_HUMAN
3163	SPHK1_HUMAN
3164	SPHK2_HUMAN
3165	SPHK2_MOUSE
3166	SPSY_HUMAN
3167	SPTC1_HUMAN
3168	SPTC2_HUMAN
3169	SQHC_ALIAD
3170	SRBP2_HUMAN
3171	SRC_CHICK
3172	SRC_HUMAN
3173	SRC_MOUSE
3174	SRC_RAT
3175	SRMS_HUMAN
3176	SRPK1_HUMAN
3177	SRPK2_HUMAN
3178	SRPK3_HUMAN
3179	SSDH_HUMAN
3180	SSR1_HUMAN
3181	SSR1_MOUSE
3182	SSR1_RAT
3183	SSR2_HUMAN
3184	SSR2_MOUSE
3185	SSR2_RAT
3186	SSR3_HUMAN
3187	SSR3_MOUSE
3188	SSR4_HUMAN
3189	SSR4_MOUSE
3190	SSR4_RAT
3191	SSR5_HUMAN
3192	SSR5_MOUSE
3193	SSR5_RAT
3194	ST14_HUMAN
3195	ST17A_HUMAN
3196	ST17B_HUMAN
3197	ST1E1_BOVIN
3198	ST1E1_HUMAN
3199	ST1E1_MOUSE
3200	ST32B_HUMAN
3201	ST32C_HUMAN
3202	ST38L_HUMAN
3203	STA5A_HUMAN
3204	STA5B_HUMAN
3205	STAT3_HUMAN
3206	STAT3_MOUSE
3207	STAT6_HUMAN
3208	STE14_YEAST
3209	STF1_HUMAN
3210	STK10_HUMAN
3211	STK11_HUMAN
3212	STK16_HUMAN
3213	STK24_HUMAN
3214	STK25_HUMAN
3215	STK33_HUMAN
3216	STK35_HUMAN
3217	STK36_HUMAN
3218	STK38_HUMAN
3219	STK39_HUMAN
3220	STK3_HUMAN
3221	STK3_MOUSE
3222	STK4_HUMAN
3223	STS_HUMAN
3224	SUIS_HUMAN
3225	SUIS_RAT
3226	SYEP_HUMAN
3227	SYFA_HAEIN
3228	SYFA_STAAU
3229	SYFA_STRP8
3230	SYFA_STRPN
3231	SYFM_HUMAN
3232	SYHC_HUMAN
3233	SYIC_HUMAN
3234	SYI_ECOLI
3235	SYK_HUMAN
3236	SYLC_HUMAN
3237	SYMC_HUMAN
3238	SYM_ECOLI
3239	SYM_HAEIN
3240	SYM_STAAW
3241	SYPC_CANAX
3242	SYQ_HUMAN
3243	SYRC_HUMAN
3244	SYTC_HUMAN
3245	SYVC_HUMAN
3246	SYYC_HUMAN
3247	T23O_HUMAN
3248	T23O_MOUSE
3249	T23O_RAT
3250	T2AG_HUMAN
3251	T2S1_STRCS
3252	TA2R_HUMAN
3253	TA2R_MOUSE
3254	TA2R_RAT
3255	TAAR1_HUMAN
3256	TAAR1_MOUSE
3257	TAAR1_RAT
3258	TAB1_HUMAN
3259	TAOK1_HUMAN
3260	TAOK3_HUMAN
3261	TARB1_HUMAN
3262	TAT_HV112
3263	TAT_HV1H2
3264	TAU_RAT
3265	TBA1A_HUMAN
3266	TBA1A_PIG
3267	TBA1A_RAT
3268	TBA4A_HUMAN
3269	TBB1_HUMAN
3270	TBB2B_BOVIN
3271	TBB2B_RAT
3272	TBB3_HUMAN
3273	TBB3_RAT
3274	TBB4A_HUMAN
3275	TBB4B_HUMAN
3276	TBB5_HUMAN
3277	TBB8_HUMAN
3278	TBB_PIG
3279	TBG1_RAT
3280	TBK1_HUMAN
3281	TCF7_HUMAN
3282	TDT_HUMAN
3283	TEC_HUMAN
3284	TERA_HUMAN
3285	TERT_HUMAN
3286	TESK1_HUMAN
3287	TETX_CLOTE
3288	TF65_HUMAN
3289	TF_HUMAN
3290	TGFB1_HUMAN
3291	TGFR1_HUMAN
3292	TGFR2_HUMAN
3293	TGM1_HUMAN
3294	TGM2_HUMAN
3295	TGT_HUMAN
3296	TGT_ZYMMO
3297	THAS_HUMAN
3298	THAS_RAT
3299	THA_HUMAN
3300	THA_RAT
3301	THB_HUMAN
3302	THB_RAT
3303	THER_BACTH
3304	THIL_HUMAN
3305	THIL_MOUSE
3306	THIL_RAT
3307	THRB_BOVIN
3308	THRB_HUMAN
3309	THRB_MOUSE
3310	THRB_RAT
3311	THYX_MYCTU
3312	THYX_PBCV1
3313	TIE1_HUMAN
3314	TIE2_HUMAN
3315	TIE2_MOUSE
3316	TIMP3_RAT
3317	TKT_HUMAN
3318	TLK1_HUMAN
3319	TLK2_HUMAN
3320	TLR2_HUMAN
3321	TLR4_HUMAN
3322	TM11D_HUMAN
3323	TMPS2_HUMAN
3324	TMPS6_HUMAN
3325	TNFA_HUMAN
3326	TNFB_HUMAN
3327	TNI3K_HUMAN
3328	TNIK_HUMAN
3329	TNK1_HUMAN
3330	TNKS1_HUMAN
3331	TNKS2_HUMAN
3332	TNR16_HUMAN
3333	TNR1A_HUMAN
3334	TOP1_HUMAN
3335	TOP1_MOUSE
3336	TOP1_RAT
3337	TOP2A_HUMAN
3338	TOP2B_HUMAN
3339	TOP2_DROME
3340	TOP3_BACSU
3341	TOPK_HUMAN
3342	TP4A1_HUMAN
3343	TP4A2_HUMAN
3344	TP4A3_HUMAN
3345	TPA_HUMAN
3346	TPH1_HUMAN
3347	TPH1_RAT
3348	TPH2_HUMAN
3349	TPIS_HUMAN
3350	TPIS_RABIT
3351	TPIS_TRYCR
3352	TPOR_HUMAN
3353	TPP2_HUMAN
3354	TPP2_RAT
3355	TPX2_HUMAN
3356	TR10A_HUMAN
3357	TRAP1_HUMAN
3358	TRAR_RHIRD
3359	TRBP2_HUMAN
3360	TREA_HUMAN
3361	TRFR_HUMAN
3362	TRFR_MOUSE
3363	TRFR_RAT
3364	TRPA1_HUMAN
3365	TRPA1_MOUSE
3366	TRPM8_HUMAN
3367	TRPV1_HUMAN
3368	TRPV1_RAT
3369	TRPV4_MOUSE
3370	TRXR1_HUMAN
3371	TRXR1_RAT
3372	TRXR2_HUMAN
3373	TRXR2_PLAF7
3374	TRXR2_RAT
3375	TRXR3_HUMAN
3376	TRY1_BOVIN
3377	TRY1_HUMAN
3378	TRY2_BOVIN
3379	TRY2_HUMAN
3380	TRY2_RAT
3381	TRY3_HUMAN
3382	TRYB1_HUMAN
3383	TRYB1_MOUSE
3384	TRYB1_RAT
3385	TRYD_HUMAN
3386	TRYG1_HUMAN
3387	TRYP_PIG
3388	TRYT_CANFA
3389	TSPOA_HUMAN
3390	TSPOB_HUMAN
3391	TSPO_BOVIN
3392	TSPO_MOUSE
3393	TSPO_RAT
3394	TSSK1_HUMAN
3395	TTHY_HUMAN
3396	TTK_HUMAN
3397	TTL_HUMAN
3398	TXK_HUMAN
3399	TY3H_HUMAN
3400	TY3H_RAT
3401	TYDP1_HUMAN
3402	TYK2_HUMAN
3403	TYPH_ECOLI
3404	TYPH_HUMAN
3405	TYPH_RAT
3406	TYRO3_HUMAN
3407	TYRO_AGABI
3408	TYRO_HUMAN
3409	TYRO_MOUSE
3410	TYSY_CRYNB
3411	TYSY_ECOLI
3412	TYSY_ENTFA
3413	TYSY_HUMAN
3414	TYSY_LACCA
3415	TYSY_MOUSE
3416	TYSY_MYCTU
3417	TYSY_RAT
3418	TYTR_CRIFA
3419	TYTR_TRYBB
3420	TYTR_TRYCR
3421	UCHL1_HUMAN
3422	UCHL3_HUMAN
3423	UD2B7_HUMAN
3424	UFO_HUMAN
3425	ULK1_HUMAN
3426	ULK2_HUMAN
3427	ULK3_HUMAN
3428	ULK3_MOUSE
3429	UMPS_HUMAN
3430	UNG_HUMAN
3431	UNG_VACCW
3432	UPAR_HUMAN
3433	UPP1_HUMAN
3434	UPP1_MOUSE
3435	UPP2_HUMAN
3436	UPP2_MOUSE
3437	UPPS_STRPN
3438	UR2R_HUMAN
3439	UR2R_RAT
3440	UREA_CANEN
3441	UROK_HUMAN
3442	UROK_MOUSE
3443	UROK_PIG
3444	UROK_RAT
3445	US28_HCMVA
3446	UTS2_HUMAN
3447	UTS2_MACMU
3448	UTS2_RAT
3449	V1AR_HUMAN
3450	V1AR_RAT
3451	V1BR_HUMAN
3452	V1BR_RAT
3453	V2R_HUMAN
3454	V2R_RAT
3455	VACHT_HUMAN
3456	VACHT_RAT
3457	VACHT_TORCA
3458	VAS1_HUMAN
3459	VATB1_HUMAN
3460	VATB2_HUMAN
3461	VCAM1_HUMAN
3462	VDAC2_HUMAN
3463	VDR_BOVIN
3464	VDR_CHICK
3465	VDR_HUMAN
3466	VDR_MOUSE
3467	VDR_RAT
3468	VE1_HPV11
3469	VE2_HPV16
3470	VE2_HPV1A
3471	VGFR1_HUMAN
3472	VGFR1_MOUSE
3473	VGFR2_HUMAN
3474	VGFR2_MOUSE
3475	VGFR3_HUMAN
3476	VGFR3_MOUSE
3477	VKOR1_BOVIN
3478	VMAT1_RAT
3479	VMAT2_BOVIN
3480	VMAT2_HUMAN
3481	VMAT2_RAT
3482	VPP1_CHICK
3483	WDR5_HUMAN
3484	WEE1_HUMAN
3485	WNT2_HUMAN
3486	WNT3_HUMAN
3487	XCT_HUMAN
3488	XDH_BOVIN
3489	XDH_HUMAN
3490	XDH_RAT
3491	XIAP_HUMAN
3492	XPO1_HUMAN
3493	XPP1_HUMAN
3494	XPP2_HUMAN
3495	XYNB_THESA
3496	Y1284_MYCTU
3497	YES_HUMAN
3498	YOPH_YEREN
3499	YSK4_HUMAN
3500	ZAP70_HUMAN
