Erlotinib	ERBB2_HUMAN	0.9483795	0
diazepam	GBRR1_HUMAN	0.9161931	0
diazepam	GLRA1_HUMAN	0.9483795	0
butenafine	SC6A3_HUMAN	0.9483795	0
butenafine	CHLE_HUMAN	0.9161931	0
hexachlorophene	RORG_HUMAN	0.9161931	0
hexachlorophene	CP2C9_HUMAN	0.9921758	0
hexachlorophene	AA2BR_HUMAN	0.9161931	0
hexachlorophene	5HT2A_HUMAN	0.9794806	0
hexachlorophene	MAPK2_HUMAN	0.9813295	0
hexachlorophene	ADA2B_HUMAN	0.9161931	0
valsartan	AGTR1_RABIT	0.9925621	0
donepezil	CHLE_HUMAN	0.9483795	0
orlistat	CNR2_HUMAN	0.9794806	0
paroxetine	SIR2_HUMAN	0.9854718	0
16628-EP2280006A1	ACM3_HUMAN	0.9483795	0
16628-EP2280006A1	ACM1_HUMAN	0.9794806	0
Ibutilide	CAC1B_HUMAN	0.9483795	0
Ibutilide	KCNJ1_HUMAN	1.0	0
Ibutilide	ABCC8_RAT	0.9794806	0
Ibutilide	CAC1C_RABIT	0.9483795	0
Ibutilide	CAC1D_RAT	0.9794806	0
Ibutilide	KCMA1_HUMAN	0.9813295	0
Ibutilide	S29A1_HUMAN	0.9854718	0
Ibutilide	ABCC8_HUMAN	0.9161931	0
NEOSTIGMINE	CHLE_HUMAN	0.9483795	0
doxorubicin	EGFR_HUMAN	0.9161931	0
cimetidine	THAS_HUMAN	0.9855769	0
cimetidine	HRH1_HUMAN	0.9161931	0
cimetidine	CCR8_HUMAN	0.9161931	0
cimetidine	CMA1_HUMAN	0.9161931	0
cimetidine	HRH1_CAVPO	0.9483795	0
ZINC03918138	HISX_BRUSU	0.9925621	0
ZINC03918138	GLP1R_RAT	0.9161931	0
disulfiram	SC6A4_HUMAN	0.9483795	0
disulfiram	DRD2_HUMAN	0.9870714	0
AMPICILLIN SODIUM	PUR2_HUMAN	0.9161931	0
AMPICILLIN SODIUM	ARGI1_HUMAN	0.9411765	0
AMPICILLIN SODIUM	ARGI2_HUMAN	0.9411765	0
AMPICILLIN SODIUM	PBPA_CLOPE	0.9483795	0
ETHACRYNIC ACID	THB_HUMAN	0.9921758	0
Pregabalin	CAC1B_HUMAN	0.9130435	0
Pregabalin	CA2D1_MOUSE	0.9851301	0
Voriconazole	CP1A2_HUMAN	0.9794806	0
imipramine	SC6A3_HUMAN	0.9794806	0
Dabrafenib	HDAC1_HUMAN	0.9851301	0
Dabrafenib	MP2K1_HUMAN	0.9483795	0
Dabrafenib	MK14_HUMAN	0.9411765	0
tropicamide	CP1A2_HUMAN	0.9794806	0
cholic acid	PPCE_HUMAN	0.9161931	0
cholic acid	CALRL_HUMAN	0.9483795	0
cholic acid	PA2GA_HUMAN	0.9161931	0
cholic acid	PAI1_HUMAN	0.9483795	0
cholic acid	UBE2N_HUMAN	1.51292	0
cholic acid	B2LA1_MOUSE	0.9851301	0
cholic acid	DEF_PSEAE	0.9161931	0
Yohimbine	ADA1A_HUMAN	0.9483795	0
terconazole	ACM3_HUMAN	0.9855769	0
terconazole	SC6A4_HUMAN	0.9483795	0
nabumetone	AOFB_HUMAN	0.9925621	0
sildenafil	PDE4D_HUMAN	0.9161931	0
cefadroxil	ARGI1_HUMAN	0.9921758	0
cefadroxil	ARGI2_HUMAN	0.9813295	0
morphine	OPRM_CAVPO	0.9813295	0
aspirin	GLCM_HUMAN	0.9794806	0
aspirin	IL8_HUMAN	0.9921758	0
aspirin	TF65_HUMAN	0.9870714	0
aspirin	XDH_BOVIN	0.9411765	0
aspirin	XDH_HUMAN	0.9483795	0
aspirin	TYTR_TRYBB	0.9854718	0
aspirin	FABP4_HUMAN	0.9794806	0
memantine	NMDE3_RAT	0.9794806	0
memantine	NMDE4_RAT	0.9161931	0
protriptyline	SC6A3_HUMAN	0.9794806	0
Edrophonium chloride	CHLE_HUMAN	0.9794806	0
miconazole	NOS1_HUMAN	0.9483795	0
miconazole	MAP2_HUMAN	1.812987	0
miconazole	CP1A2_HUMAN	0.9794806	0
miconazole	DRD2_HUMAN	0.9794806	0
miconazole	ADA2C_HUMAN	0.9161931	0
miconazole	MAP1_ECOLI	0.9794806	0
miconazole	KCNN3_RAT	0.9130435	0
pentoxifylline	AA2BR_HUMAN	0.9925621	0
pentoxifylline	PDE4D_HUMAN	0.9161931	0
pentoxifylline	CHLE_HUMAN	0.9161931	0
ethopropazine	CHLE_HUMAN	0.9483795	0
Aripiprazole	ADA1B_RAT	0.9161931	0
Aripiprazole	ADA1D_RAT	0.9161931	0
Aripiprazole	5HT2B_HUMAN	0.9483795	0
Aripiprazole	5HT1B_RAT	0.9794806	0
Aripiprazole	ADA1D_HUMAN	0.9794806	0
haloprogin	OPRM_HUMAN	0.9854718	0
haloprogin	OPRX_HUMAN	0.9483795	0
haloprogin	DRD2_HUMAN	0.9813295	0
OXCARBAZEPINE	SIR2_HUMAN	0.9161931	0
Pazopanib	TIE2_HUMAN	0.9483795	0
dicyclomine	DRD2_HUMAN	0.9483795	0
dicyclomine	HRH1_HUMAN	0.9483795	0
PERHEXILINE	ACM2_HUMAN	0.9925621	0
finasteride	SL9A1_HUMAN	0.9851301	0
finasteride	CP1A2_HUMAN	0.9161931	0
(S)-Fenfluramine	5HT2A_HUMAN	0.9794806	0
cinnarizine	5HT2C_HUMAN	0.9161931	0
cinnarizine	CAC1C_RABIT	0.9851301	0
cinnarizine	CAC1D_RAT	0.9411765	0
cinnarizine	CAC1C_RAT	0.9794806	0
clonazepam	GBRA2_RAT	0.9161931	0
2-azaniumylacetate	HDAC6_HUMAN	0.9855769	0
2-azaniumylacetate	HDAC8_HUMAN	2.201617	0
2-azaniumylacetate	GBRA1_BOVIN	0.9813295	0
2-azaniumylacetate	GBRB1_BOVIN	0.9870714	0
2-azaniumylacetate	GBRA2_BOVIN	0.9813295	0
2-azaniumylacetate	GBRA3_BOVIN	0.9870714	0
2-azaniumylacetate	GBRB1_RAT	0.9854718	0
2-azaniumylacetate	GBRG2_RAT	0.9161931	0
2-azaniumylacetate	GBRA5_RAT	0.9483795	0
2-azaniumylacetate	GBRA4_BOVIN	0.9870714	0
2-azaniumylacetate	GBRG2_BOVIN	0.9870714	0
2-azaniumylacetate	GBRG1_RAT	0.9161931	0
2-azaniumylacetate	GBRA2_RAT	0.9854718	0
2-azaniumylacetate	GBRA6_RAT	0.9161931	0
2-azaniumylacetate	GBRA1_RAT	0.9483795	0
2-azaniumylacetate	GBRB3_RAT	0.9925621	0
2-azaniumylacetate	GBRB2_RAT	0.9925621	0
2-azaniumylacetate	NMDZ1_HUMAN	0.9161931	0
2-azaniumylacetate	NMDE2_HUMAN	0.9483795	0
2-azaniumylacetate	NMT1_HUMAN	0.9921758	0
2-azaniumylacetate	NMT_CANAL	2.1518	0
2-azaniumylacetate	NMDE3_RAT	0.9794806	0
2-azaniumylacetate	NMDE4_RAT	0.9161931	0
2-azaniumylacetate	EHMT2_HUMAN	1.752744	0
2-azaniumylacetate	ELOV6_HUMAN	0.9794806	0
hydroflumethiazide	KCNJ1_HUMAN	0.9161931	0
hydroflumethiazide	PGDH_HUMAN	0.9483795	0
hydroflumethiazide	LRRK2_HUMAN	0.9794806	0
dicumarol	NQO2_HUMAN	0.9161931	0
IMIQUIMOD	AA2BR_HUMAN	0.9921758	0
IMIQUIMOD	HRH1_HUMAN	0.9854718	0
moxifloxacin	MGLL_HUMAN	0.9794806	0
moxifloxacin	SFRP1_HUMAN	0.9854718	0
moxifloxacin	PABP1_HUMAN	0.9925621	0
Repaglinide	KCNJ1_HUMAN	0.9161931	0
Repaglinide	PPARA_HUMAN	0.9161931	0
nilvadipine	CAC1C_RABIT	0.9854718	0
nilvadipine	CAC1D_RAT	0.9925621	0
captopril	NEP_RABIT	0.9161931	0
fluorometholone	RORG_HUMAN	0.9483795	0
pramipexole	5HT7R_HUMAN	0.9161931	0
sulfanilamide	CAH1_HUMAN	0.9483795	0
sulfanilamide	CAH5A_HUMAN	0.9921758	0
sulfanilamide	CAN_YEAST	0.9483795	0
ondansetron	THAS_HUMAN	0.9813295	0
domperidone	SC6A3_HUMAN	0.9794806	0
AC1N6JXL	P2RX7_RAT	0.9161931	0
AC1N6JXL	PPIA_HUMAN	0.9161931	0
trioxsalen	AOFB_HUMAN	0.9925621	0
trioxsalen	AA2BR_HUMAN	0.9854718	0
trioxsalen	5HT2A_HUMAN	0.9161931	0
Regorafenib	HDAC1_HUMAN	0.9483795	0
triamterene	CASP3_HUMAN	0.9483795	0
triamterene	LUCI_PHOPY	0.9161931	0
triamterene	AOC3_HUMAN	0.9483795	0
Alosetron HCl	TERT_HUMAN	0.9483795	0
Halofantrine	CATD_HUMAN	0.9854718	0
tolnaftate	CP1A2_HUMAN	0.9161931	0
tolnaftate	CP2C9_HUMAN	0.9483795	0
tolnaftate	CFTR_HUMAN	0.9794806	0
voglibose	DCMC_HUMAN	1.832226	0
clomipramine	ADA1A_HUMAN	0.9161931	0
thiothixene	5HT2C_HUMAN	0.9483795	0
adenine	ACACA_HUMAN	0.9854718	0
adenine	RPGF4_HUMAN	0.9925621	0
adenine	ACACA_RAT	0.9161931	0
adenine	PTPRB_HUMAN	0.9855769	0
adenine	NAAA_RAT	1.0	0
adenine	ERG2_YEAST	0.9921758	0
adenine	EBP_HUMAN	0.9921758	0
5-Fluorouracil	NRAM2_HUMAN	0.9161931	0
5-Fluorouracil	KPYK_STAAR	0.9483795	0
SCHEMBL9931995	THAS_HUMAN	1.644921	0
SCHEMBL9931995	CCR8_HUMAN	0.9921758	0
Salmeterol	ADRB1_HUMAN	0.9483795	0
Bosentan	TTK_HUMAN	0.9794806	0
Bosentan	EDNRA_RAT	0.9161931	0
clonidine	CFTR_HUMAN	0.9921758	0
clonidine	5HT2B_HUMAN	1.0	0
clonidine	DRD2_RAT	0.9794806	0
Enclomiphene	PGH2_HUMAN	0.9854718	0
Enclomiphene	ESR2_HUMAN	0.9161931	0
Enclomiphene	DRD2_HUMAN	0.9161931	0
6-Mercaptopurine	STAT3_HUMAN	0.9161931	0
6-Mercaptopurine	IMDH_CRYPV	0.9870714	0
alprostadil	PE2R3_HUMAN	0.9854718	0
quinacrine	CASR_HUMAN	0.9794806	0
quinacrine	5HT2C_HUMAN	0.9483795	0
quinacrine	DRD2_HUMAN	0.9161931	0
quinacrine	5HT2B_HUMAN	0.9161931	0
quinacrine	CHLE_HUMAN	0.9794806	0
quinacrine	HRH1_HUMAN	0.9483795	0
quinacrine	DRD1_HUMAN	0.9161931	0
quinacrine	ADA1A_HUMAN	0.9161931	0
cefotaxime	PUR2_HUMAN	0.9483795	0
cefotaxime	PBPA_ECOLI	0.9483795	0
cefotaxime	PBPB_ECOLI	0.9161931	0
cefotaxime	PBPA_CLOPE	0.9794806	0
cefotaxime	Q75Y35_STREE	0.9794806	0
Vemurafenib	HDAC1_HUMAN	0.9870714	0
astemizole	ADA1A_HUMAN	0.9483795	0
Bortezomib	PGH2_SHEEP	0.9411765	0
Bortezomib	HRH1_HUMAN	0.9161931	0
Bortezomib	PLIN1_HUMAN	0.9411765	0
Bortezomib	HRH1_CAVPO	0.9483795	0
Bortezomib	HNF4A_HUMAN	0.9854718	0
zidovudine	SC5A7_HUMAN	0.9161931	0
desipramine	SC6A3_HUMAN	0.9854718	0
ibuprofen	IL8_HUMAN	0.9161931	0
gemfibrozil	PPARG_HUMAN	0.9794806	0
Nilotinib	VGFR1_HUMAN	0.9161931	0
Nilotinib	TIE2_HUMAN	0.9794806	0
isradipine	CAC1B_HUMAN	0.9925621	0
isradipine	CA2D1_MOUSE	0.9161931	0
isradipine	CAC1C_RAT	0.9161931	0
mycophenolic acid	IMDH_CRYPV	0.9794806	0
amlodipine	SC6A4_HUMAN	0.9161931	0
amlodipine	CAC1C_RABIT	0.9851301	0
amlodipine	CAC1D_RAT	0.9411765	0
amlodipine	CA2D2_HUMAN	0.9161931	0
amlodipine	CA2D1_MOUSE	0.9161931	0
amlodipine	CAC1C_RAT	0.9794806	0
Pioglitazone	AOFA_HUMAN	0.9161931	0
Pioglitazone	PPARD_HUMAN	0.9161931	0
Pioglitazone	PPARA_HUMAN	0.9794806	0
nifedipine	CAC1C_RABIT	0.9411765	0
nifedipine	CAC1D_RAT	1.0	0
CLAVULANIC ACID	AMPC_ENTCL	0.9813295	0
CLAVULANIC ACID	BLAT_ECOLX	0.9813295	0
CLAVULANIC ACID	NAMPT_HUMAN	2.336411	0
MIGLITOL	SUIS_RAT	0.9483795	0
MIGLITOL	DCMC_HUMAN	1.537991	0
PHENFORMIN	KCNJ1_HUMAN	0.9483795	0
ALFENTANIL	OPRD_HUMAN	0.9161931	0
ZINC19594549	MGLL_HUMAN	0.9794806	0
ZINC19594549	SFRP1_HUMAN	0.9161931	0
ZINC19594549	PABP1_HUMAN	0.9483795	0
prazosin	MMP2_HUMAN	0.9483795	0
PERINDOPRIL	LKHA4_HUMAN	0.9161931	0
Phenindamine	CMA1_HUMAN	0.9794806	0
FENTANYL CITRATE	OPRM_RAT	0.9161931	0
amiodarone	EGFR_HUMAN	0.9854718	0
amiodarone	DRD2_HUMAN	0.9794806	0
dipyridamole	PDE3B_HUMAN	0.9813295	0
dipyridamole	PDE3A_HUMAN	0.9130435	0
dipyridamole	PDE1A_HUMAN	0.9483795	0
dipyridamole	PDE1B_HUMAN	0.9925621	0
dipyridamole	PDE1C_HUMAN	0.9925621	0
dipyridamole	PDE9A_HUMAN	0.9813295	0
Doxycycline	ADK_HUMAN	0.9854718	0
loratadine	CALRL_HUMAN	0.9483795	0
cefuroxime	ARGI1_HUMAN	0.9483795	0
cefuroxime	ARGI2_HUMAN	0.9794806	0
chlorthalidone	CAH1_HUMAN	0.9161931	0
CYPROHEPTADINE	ADA1A_HUMAN	0.9161931	0
amifostine	PPBT_HUMAN	0.9161931	0
Rifampicin	CASP3_HUMAN	0.9161931	0
Rifampicin	MTOR_HUMAN	0.9854718	0
Eplerenone	PRGR_HUMAN	0.9794806	0
mitotane	C11B2_HUMAN	0.9854718	0
propafenone	SC6A4_HUMAN	0.9794806	0
niflumic acid	CASR_HUMAN	0.9161931	0
proparacaine	AOFB_HUMAN	0.9925621	0
proparacaine	SCN5A_HUMAN	0.9483795	0
succinic acid	EGLN1_HUMAN	2.587371	0
succinic acid	SPHK2_HUMAN	1.860273	0
succinic acid	SPHK1_HUMAN	2.162163	0
succinic acid	EGLN3_HUMAN	0.9851301	0
bisacodyl	CCR2_HUMAN	0.9161931	0
mitoxantrone	ACM3_HUMAN	0.9483795	0
mitoxantrone	THAS_HUMAN	0.9794806	0
thioridazine	CP2C9_HUMAN	0.9794806	0
Diclofenac sodium	PGH2_HUMAN	0.9854718	0
baclofen	PD2R_HUMAN	0.9854718	0
baclofen	TA2R_HUMAN	0.9794806	0
sumatriptan	5HT1A_RAT	0.9794806	0
sumatriptan	ITA4_HUMAN	0.9483795	0
secobarbital	GBRP_HUMAN	0.9161931	0
secobarbital	GBRD_HUMAN	0.9161931	0
secobarbital	GBRB1_HUMAN	0.9161931	0
secobarbital	GBRG2_HUMAN	0.9483795	0
secobarbital	GBRB3_HUMAN	0.9483795	0
secobarbital	GBRB2_HUMAN	0.9161931	0
secobarbital	GBRE_HUMAN	0.9161931	0
secobarbital	GBRG1_HUMAN	0.9161931	0
secobarbital	GBRG3_HUMAN	0.9161931	0
secobarbital	GBRT_HUMAN	0.9161931	0
secobarbital	NMDE2_RAT	0.9161931	0
secobarbital	NMDE3_RAT	0.9854718	0
secobarbital	NMDE4_RAT	0.9483795	0
amitriptyline	SC6A3_HUMAN	0.9794806	0
amitriptyline	CATK_HUMAN	0.9794806	0
Desvenlafaxine	SC6A3_HUMAN	0.9483795	0
econazole	5HT2C_HUMAN	0.9161931	0
econazole	DRD2_HUMAN	0.9854718	0
Boceprevir	CATS_HUMAN	0.9854718	0
Boceprevir	CYSP_TRYCR	0.9794806	0
haloperidol	SC6A3_HUMAN	0.9794806	0
Quinine	MAP2_HUMAN	0.9483795	0
Tazobactam	AMPC_ENTCL	0.9813295	0
Tazobactam	NAMPT_HUMAN	2.38933	0
cloxacillin	ARGI1_HUMAN	0.9854718	0
cloxacillin	ARGI2_HUMAN	0.9854718	0
ZINC03830215	ARGI1_HUMAN	0.9854718	0
ZINC03830215	ARGI2_HUMAN	0.9925621	0
dihydroergotamine	ADA1A_HUMAN	0.9483795	0
dihydroergotamine	ADA1B_HUMAN	0.9161931	0
spironolactone	SL9A1_HUMAN	0.9921758	0
spironolactone	C11B1_HUMAN	0.9794806	0
spironolactone	CAC1C_CAVPO	0.9483795	0
spironolactone	CAC1C_RABIT	1.500787	0
spironolactone	CAC1D_RAT	1.626997	0
spironolactone	CA2D1_MOUSE	0.9854718	0
spironolactone	CAC1C_RAT	0.9921758	0
spironolactone	CAC1B_RAT	0.9483795	0
sulfinpyrazone	HS90B_HUMAN	0.9854718	0
granisetron	THAS_HUMAN	0.9854718	0
Tolcapone	STAT3_HUMAN	0.9921758	0
lansoprazole	CP1A2_HUMAN	0.9161931	0
lansoprazole	CP2C9_HUMAN	0.9483795	0
lansoprazole	ENPP2_HUMAN	0.9483795	0
menadione	TF65_HUMAN	0.9854718	0
menadione	CRFR1_HUMAN	0.9794806	0
menadione	XDH_BOVIN	0.9813295	0
dextromethorphan	SC6A3_HUMAN	0.9161931	0
dextromethorphan	TYTR_TRYCR	0.9925621	0
dextromethorphan	TYPH_HUMAN	0.9854718	0
dextromethorphan	ERR1_HUMAN	0.9483795	0
Sorafenib	IGF1R_HUMAN	0.9794806	0
Sorafenib	GAK_HUMAN	0.9161931	0
Sorafenib	YES_HUMAN	0.9483795	0
Sorafenib	ALK_HUMAN	0.9161931	0
Sorafenib	MP2K1_HUMAN	0.9161931	0
Sorafenib	FYN_HUMAN	0.9161931	0
Sorafenib	TNIK_HUMAN	0.9161931	0
dapsone	DRTS_TOXGO	0.9161931	0
phentolamine	ADA1B_HUMAN	0.9161931	0
Isoflurophate	PGH2_SHEEP	0.9813295	0
Ziprasidone	ADA1B_RAT	0.9161931	0
Ziprasidone	5HT2B_HUMAN	0.9483795	0
Ziprasidone	5HT1B_RAT	0.9161931	0
Ziprasidone	ADA1D_HUMAN	0.9483795	0
ZINC00020220	MGLL_HUMAN	0.9794806	0
ZINC00020220	GYRB_STRPN	0.9161931	0
ZINC00020220	SFRP1_HUMAN	0.9851301	0
ZINC00020220	PABP1_HUMAN	0.9855769	0
ZINC00020220	GYRB_MYCSM	0.9161931	0
ZINC00020220	GYRB_STAAU	0.9925621	0
Sulfasalazine	CAH9_HUMAN	0.9161931	0
tamoxifen	PGH2_HUMAN	0.9483795	0
lidocaine	CP2C9_HUMAN	0.9161931	0
methacholine	ACM1_HUMAN	0.9794806	0
Marimastat	ADA17_PIG	1.652982	0
Marimastat	NOD1_HUMAN	0.9854718	0
doxepin	SC6A3_HUMAN	0.9854718	0
doxepin	DRD3_HUMAN	0.9483795	0
doxepin	HRH3_HUMAN	0.9483795	0
doxepin	DRD1_HUMAN	0.9161931	0
choline	CHLE_HORSE	0.9161931	0
choline	ENPP2_HUMAN	0.9925621	0
Tetracycline	NQO2_HUMAN	0.9794806	0
Tetracycline	CP26A_HUMAN	0.9483795	0
Tetracycline	BMP1_HUMAN	0.9870714	0
Difenidol	5HT2C_HUMAN	0.9483795	0
carvedilol	KCNJ1_HUMAN	0.9161931	0
alendronate	PTN1_HUMAN	0.9483795	0
propofol	PGH2_HUMAN	0.9925621	0
propofol	CFTR_HUMAN	0.9483795	0
ETHYNODIOL DIACETATE	AOFB_HUMAN	0.9921758	0
ETHYNODIOL DIACETATE	GCR_HUMAN	0.9161931	0
ETHYNODIOL DIACETATE	ESR2_HUMAN	0.9483795	0
ceftazidime	PUR2_HUMAN	0.9794806	0
ceftazidime	PBP2_STRR6	0.9483795	0
ceftazidime	PBPA_CLOPE	0.9854718	0
ceftazidime	Q7CRA4_STRR6	0.9161931	0
ceftazidime	Q8DNB6_STRR6	0.9161931	0
Eprosartan	AGTR1_RABIT	0.9925621	0
Neostigmine methyl sulfate	ACES_HUMAN	0.9921758	0
Nitisinone	STAT3_HUMAN	0.9855769	0
bromocriptine	RORG_HUMAN	0.9161931	0
levallorphan	OPRD_HUMAN	0.9794806	0
ZINC03831531	ELNE_HUMAN	0.9813295	0
trazodone	ADA1B_HUMAN	0.9794806	0
nortriptyline	CP1A2_HUMAN	0.9161931	0
nortriptyline	CP2C9_HUMAN	0.9161931	0
nortriptyline	5HT1B_HUMAN	0.9483795	0
ticlopidine	CP1A2_HUMAN	0.9161931	0
ticlopidine	CP2C9_HUMAN	0.9794806	0
ticlopidine	ADA1A_HUMAN	0.9161931	0
PONATINIB	VGFR1_HUMAN	0.9813295	0
physostigmine	CHLE_HUMAN	0.9925621	0
fentanyl	OPRM_RAT	0.9161931	0
FLUPHENAZINE	ACM5_HUMAN	0.9794806	0
FLUPHENAZINE	ADA1A_HUMAN	0.9161931	0
Paliperidone	ADA1B_RAT	0.9161931	0
Paliperidone	ADA1D_RAT	0.9161931	0
Paliperidone	5HT2B_HUMAN	0.9161931	0
Paliperidone	ADA1D_HUMAN	0.9483795	0
danazol	SC6A4_HUMAN	0.9483795	0
danazol	MCR_HUMAN	0.9794806	0
danazol	ESR2_HUMAN	0.9161931	0
danazol	5HT2C_HUMAN	0.9794806	0
flunitrazepam	GBRP_HUMAN	0.9483795	0
flunitrazepam	GBRD_HUMAN	0.9483795	0
flunitrazepam	GBRB1_HUMAN	0.9483795	0
flunitrazepam	GBRE_HUMAN	0.9794806	0
flunitrazepam	GBRG1_HUMAN	0.9483795	0
flunitrazepam	GBRG3_HUMAN	0.9483795	0
flunitrazepam	GBRT_HUMAN	0.9483795	0
estriol	ESR2_HUMAN	0.9794806	0
nitrendipine	CAC1C_RABIT	0.9813295	0
nitrendipine	CAC1D_RAT	0.9851301	0
nitrendipine	CAC1C_RAT	0.9161931	0
promethazine	SC6A3_HUMAN	0.9794806	0
Etravirine	INHA_MYCTU	0.9794806	0
Etravirine	HS90B_HUMAN	0.9925621	0
milrinone	PDE5A_HUMAN	0.9855769	0
milrinone	PDE1C_HUMAN	0.9161931	0
milrinone	PDE9A_HUMAN	0.9161931	0
tacrolimus	ALF_MYCTU	0.9813295	0
tacrolimus	ICMT_HUMAN	0.9921758	0
Fluspirilene	5HT2C_HUMAN	0.9794806	0
isoniazid	CP2C9_HUMAN	0.9870714	0
maprotiline	DRD4_HUMAN	0.9483795	0
orphenadrine	SC6A3_HUMAN	0.9483795	0
orphenadrine	NMDE2_HUMAN	0.9161931	0
orphenadrine	NMDE3_RAT	0.9483795	0
buspirone	5HT2C_HUMAN	0.9161931	0
buspirone	DRD4_HUMAN	0.9794806	0
buspirone	5HT7R_HUMAN	0.9813295	0
methoxsalen	CP2C9_HUMAN	0.9161931	0
methoxsalen	CHLE_HUMAN	0.9161931	0
cefaclor	ARGI1_HUMAN	0.9483795	0
cefaclor	ARGI2_HUMAN	0.9483795	0
Clozapine	SC6A3_HUMAN	0.9854718	0
Clozapine	DRD3_RAT	0.9794806	0
Clozapine	HRH3_HUMAN	0.9925621	0
Clozapine	5HT1D_RAT	0.9161931	0
Clozapine	5HT1F_RAT	0.9161931	0
phenoxybenzamine	THAS_HUMAN	0.9870714	0
phenoxybenzamine	ADA1B_RAT	0.9483795	0
phenoxybenzamine	ADA1D_RAT	0.9794806	0
risperidone	5HT1B_RAT	0.9161931	0
risperidone	5HT1B_HUMAN	0.9161931	0
paclitaxel	OPRM_HUMAN	0.9161931	0
paclitaxel	NK1R_HUMAN	0.9854718	0
paclitaxel	THRB_HUMAN	0.9854718	0
loperamide	ADA2A_HUMAN	0.9161931	0
loperamide	HRH1_HUMAN	0.9483795	0
loperamide	ADA2B_HUMAN	0.9161931	0
GALLAMINE TRIETHIODIDE	ACM1_HUMAN	0.9483795	0
GALLAMINE TRIETHIODIDE	CHLE_HUMAN	0.9161931	0
PROCAINAMIDE	CHLE_HUMAN	0.9794806	0
Dapiprazole	ADA2A_HUMAN	0.9870714	0
Dapiprazole	ADA2C_HUMAN	0.9925621	0
perphenazine	XDH_BOVIN	0.9483795	0
diethylstilbestrol	PGH2_HUMAN	0.9925621	0
diethylstilbestrol	AA2BR_HUMAN	0.9851301	0
diethylstilbestrol	5HT2C_HUMAN	0.9794806	0
diethylstilbestrol	DRD2_HUMAN	0.9851301	0
diethylstilbestrol	INHA_MYCTU	0.9161931	0
AKOS015896592	OPRM_HUMAN	0.9483795	0
ITAVASTATIN Ca	HMDH_RAT	0.9921758	0
progesterone	SL9A1_HUMAN	0.9854718	0
progesterone	S5A2_HUMAN	0.9854718	0
progesterone	S5A1_HUMAN	0.9161931	0
Atropine	5HT2A_HUMAN	0.9161931	0
ZINC03812863	NEP_RABIT	0.9161931	0
ZINC03812863	LKHA4_HUMAN	0.9130435	0
ZINC03812863	LKHA4_CAVPO	0.9161931	0
droperidol	ACM1_HUMAN	0.9794806	0
droperidol	ACM2_HUMAN	0.9161931	0
droperidol	BKRB2_CAVPO	0.9411765	0
droperidol	ADA1B_HUMAN	0.9483795	0
Phenelzine	CP1A2_HUMAN	0.9854718	0
Phenelzine	LUCI_PHOPY	0.9483795	0
Amrinone	NOD1_HUMAN	0.9161931	0
hydralazine	LUCI_PHOPY	0.9161931	0
fluoxetine	SC6A3_HUMAN	0.9794806	0
fluoxetine	ACM2_HUMAN	0.9161931	0
rasagiline	B2CL1_HUMAN	0.9794806	0
rasagiline	AOFA_HUMAN	0.9161931	0
doxazosin	ADA17_HUMAN	0.9483795	0
doxazosin	5HT2A_HUMAN	0.9483795	0
doxazosin	ADA2A_HUMAN	0.9813295	0
doxazosin	ADA2C_HUMAN	0.9854718	0
doxazosin	ADA2B_HUMAN	0.9925621	0
pyridostigmine	CHLE_HORSE	0.9854718	0
dihydrogen 1-[bis(4-fluorophenyl)methyl]-4-[(2E)-3-phenylprop-2-en-1-yl]piperazine dichloride	OPRK_HUMAN	0.9483795	0
ALVERINE CITRATE	ITA4_HUMAN	0.9483795	0
caffeine	PK3CG_HUMAN	0.9854718	0
caffeine	AA2BR_HUMAN	0.9813295	0
caffeine	TRPM8_RAT	0.9925621	0
caffeine	TRPM8_HUMAN	0.9921758	0
caffeine	MDR1_HUMAN	0.9411765	0
celecoxib	PGH1_SHEEP	0.9161931	0
celecoxib	PGH1_HUMAN	0.9483795	0
celecoxib	CAH3_HUMAN	0.9483795	0
celecoxib	PGH2_MOUSE	0.9921758	0
celecoxib	CAH5A_MOUSE	0.9161931	0
celecoxib	CAH5B_MOUSE	0.9161931	0
celecoxib	CAH13_MOUSE	0.9794806	0
celecoxib	CYNT_HELPY	0.9161931	0
felodipine	CAC1B_HUMAN	0.9854718	0
felodipine	CALRL_HUMAN	0.9854718	0
felodipine	PDE3A_HUMAN	0.9794806	0
felodipine	CAC1C_RABIT	0.9411765	0
felodipine	CAC1D_RAT	1.0	0
felodipine	CA2D1_MOUSE	0.9161931	0
felodipine	CAC1C_RAT	0.9794806	0
acetaminophen	CAH9_HUMAN	0.9794806	0
acetaminophen	CAH14_HUMAN	0.9854718	0
acetaminophen	CAH4_HUMAN	0.9161931	0
meclofenamate	TYTR_TRYBB	0.9161931	0
Vardenafil	PDE8A_HUMAN	0.9483795	0
Vardenafil	PDE6A_BOVIN	0.9161931	0
BENZYL BENZOATE	ACM3_HUMAN	0.9925621	0
BENZYL BENZOATE	VDR_HUMAN	0.9161931	0
VERAPAMIL	KCNJ1_HUMAN	0.9483795	0
VERAPAMIL	CAC1C_CAVPO	0.9161931	0
VERAPAMIL	MDR1_HUMAN	0.9854718	0
VERAPAMIL	CAC1C_RABIT	1.0	0
VERAPAMIL	CA2D1_HUMAN	0.9483795	0
VERAPAMIL	CAC1C_RAT	0.9921758	0
VERAPAMIL	CAC1B_RAT	0.9161931	0
labetalol	SC6A4_HUMAN	0.9161931	0
labetalol	ADA2A_HUMAN	0.9925621	0
labetalol	ADA2C_HUMAN	0.9794806	0
labetalol	ADA2B_HUMAN	0.9854718	0
nizatidine	CHLE_HUMAN	0.9161931	0
Isotretinoin	DNMT1_HUMAN	1.574552	0
Isotretinoin	RXRA_HUMAN	0.9483795	0
Retinoic acid	CFTR_HUMAN	0.9794806	0
Retinoic acid	DNMT1_HUMAN	2.610693	0
Retinoic acid	RXRA_HUMAN	1.0	0
Retinoic acid	MAPK2_HUMAN	0.9161931	0
Retinoic acid	DNM3B_HUMAN	0.9161931	0
Alitretinoin	DNMT1_HUMAN	2.328455	0
mesoridazine	5HT2C_HUMAN	0.9794806	0
flunarizine	ACM2_HUMAN	0.9854718	0
flunarizine	ADA1A_HUMAN	0.9161931	0
flunarizine	CA2D1_HUMAN	0.9161931	0
ROXATIDINE ACETATE	HRH1_HUMAN	0.9794806	0
ROXATIDINE ACETATE	CMA1_HUMAN	0.9483795	0
ROXATIDINE ACETATE	HRH1_CAVPO	0.9794806	0
chlorpheniramine	CMA1_HUMAN	0.9794806	0
flavoxate	ACM3_HUMAN	0.9483795	0
clenbuterol	NOD1_HUMAN	0.9161931	0
Vildagliptin	DPP8_HUMAN	0.9794806	0
Vildagliptin	DPP2_HUMAN	0.9161931	0
chlorzoxazone	NOS1_HUMAN	0.9794806	0
chlorzoxazone	NOS2_HUMAN	0.9794806	0
rimantadine	CCR8_HUMAN	0.9794806	0
topotecan	THAS_HUMAN	0.9483795	0
topotecan	INHA_MYCTU	0.9161931	0
topotecan	NR2E3_HUMAN	0.9925621	0
topotecan	VP16_HHV11	0.9794806	0
montelukast	ACM2_HUMAN	0.9161931	0
montelukast	DRD2_HUMAN	0.9161931	0
montelukast	HMDH_RAT	0.9854718	0
thalidomide	XDH_BOVIN	0.9483795	0
thalidomide	NOD1_HUMAN	0.9794806	0
mianserin	OPRM_HUMAN	0.9161931	0
mianserin	DRD4_HUMAN	0.9161931	0
mianserin	HRH3_HUMAN	0.9925621	0
gabapentin	AA2BR_HUMAN	0.9813295	0
gabapentin	NMDZ1_RAT	0.9483795	0
gabapentin	AA2AR_HUMAN	0.9483795	0
gabapentin	NMDE2_RAT	0.9794806	0
gabapentin	CA2D1_MOUSE	0.9813295	0
gabapentin	NMDE3_RAT	0.9921758	0
gabapentin	NMDE4_RAT	0.9854718	0
Vandetanib	KIT_HUMAN	0.9794806	0
nimodipine	CP1A2_HUMAN	0.9161931	0
nimodipine	CAC1C_CAVPO	0.9161931	0
nimodipine	CAC1C_RABIT	1.0	0
nimodipine	CAC1D_RAT	1.511106	0
nimodipine	CAC1C_RAT	0.9925621	0
bepridil	CAC1B_HUMAN	0.9921758	0
bepridil	PDE3B_HUMAN	0.9483795	0
bepridil	PDE3A_HUMAN	0.9921758	0
bepridil	CA2D1_HUMAN	0.9813295	0
bepridil	CA2D1_MOUSE	0.9854718	0
bepridil	PDE1C_HUMAN	0.9161931	0
bepridil	PDE9A_HUMAN	0.9161931	0
oxymorphone	OPRK_HUMAN	0.9483795	0
Miglustat	RORG_HUMAN	0.9855769	0
Miglustat	SUIS_RAT	0.9161931	0
Miglustat	DCMC_HUMAN	1.0	0
Miglustat	ANDR_RAT	0.9921758	0
Miglustat	CEGT_MOUSE	0.9925621	0
quetiapine	5HT1B_RAT	0.9794806	0
methadone	OPRK_HUMAN	0.9794806	0
BOPINDOLOL	5HT2C_HUMAN	0.9854718	0
BOPINDOLOL	ITA4_HUMAN	0.9483795	0
altretamine	CP2C9_HUMAN	0.9161931	0
CYCLIZINE	SC6A4_HUMAN	0.9851301	0
CYCLIZINE	DRD2_HUMAN	0.9161931	0
CYCLIZINE	ADA2C_HUMAN	0.9794806	0
CYCLIZINE	ADA2B_HUMAN	0.9854718	0
CYCLIZINE	ADA1A_HUMAN	0.9161931	0
irinotecan	ADA17_HUMAN	0.9483795	0
irinotecan	THAS_HUMAN	0.9411765	0
irinotecan	CHLE_HUMAN	0.9161931	0
irinotecan	CCR8_HUMAN	0.9161931	0
irinotecan	NR2E3_HUMAN	0.9483795	0
irinotecan	VP16_HHV11	0.9161931	0
estradiol benzoate	ESR2_HUMAN	0.9483795	0
naloxone	ESR2_HUMAN	0.9161931	0
ceftriaxone	ARGI1_HUMAN	0.9851301	0
ceftriaxone	ARGI2_HUMAN	0.9855769	0
ceftriaxone	PBPA_CLOPE	0.9161931	0
terazosin	ADA2A_HUMAN	0.9813295	0
Atomoxetine	NMDE2_RAT	0.9161931	0
Atomoxetine	NMDE3_RAT	0.9854718	0
Atomoxetine	NMDE4_RAT	0.9483795	0
leflunomide	PARP1_HUMAN	0.9161931	0
norethindrone	MCR_HUMAN	0.9161931	0
nisoldipine	CAC1C_RABIT	0.9851301	0
nisoldipine	CAC1D_RAT	0.9411765	0
nisoldipine	CAC1C_RAT	0.9483795	0
Mexiletine	CFTR_HUMAN	0.9483795	0
clotrimazole	PE2R1_HUMAN	0.9813295	0
clotrimazole	PRGR_HUMAN	0.9483795	0
clotrimazole	MAP2_HUMAN	0.9854718	0
clotrimazole	CP1A2_HUMAN	0.9161931	0
clotrimazole	CALRL_HUMAN	0.9483795	0
clotrimazole	DRD2_HUMAN	0.9921758	0
clotrimazole	VDR_HUMAN	0.9794806	0
Kalymin	ACES_HUMAN	0.9925621	0
Lacosamide	BKRB2_CAVPO	0.9483795	0
Lacosamide	SCN5A_HUMAN	0.9813295	0
Lacosamide	SCN2A_HUMAN	0.9794806	0
nefazodone	ADA2B_HUMAN	0.9161931	0
oseltamivir	HISX_BRUSU	0.9483795	0
oseltamivir	ADA10_HUMAN	0.9411765	0
Olmesartan	AGTR1_RABIT	0.9870714	0
digitoxin	PGDH_HUMAN	0.9813295	0
digitoxin	LRRK2_HUMAN	0.9851301	0
guanabenz	AOFB_HUMAN	0.9854718	0
guanabenz	ADA1A_HUMAN	0.9794806	0
guanabenz	ADA1B_HUMAN	0.9161931	0
pentobarbital	NMDZ1_RAT	0.9161931	0
pentobarbital	NMDE2_RAT	0.9483795	0
pentobarbital	NMDE3_RAT	0.9854718	0
pentobarbital	NMDE4_RAT	0.9794806	0
Prazosin hydrochloride	ADA2A_HUMAN	0.9161931	0
chloroquine	LOX5_RAT	0.9794806	0
epinastine	5HT2C_HUMAN	0.9854718	0
epinastine	THAS_HUMAN	0.9813295	0
epinastine	CMA1_HUMAN	0.9794806	0
Sunitinib	PGFRB_HUMAN	0.9161931	0
equilin	DHB2_HUMAN	0.9483795	0
Tadalafil	PDE3B_HUMAN	0.9794806	0
Tadalafil	PDE3A_HUMAN	0.9921758	0
Tadalafil	PDE1B_HUMAN	0.9483795	0
Tadalafil	PDE1C_HUMAN	0.9483795	0
Tadalafil	PDE9A_HUMAN	0.9794806	0
citalopram	SC6A3_HUMAN	0.9483795	0
citalopram	ADA2A_HUMAN	0.9161931	0
6-Thioguanine	PGH2_HUMAN	0.9813295	0
oxymetazoline	ACM1_HUMAN	0.9483795	0
oxymetazoline	ACM2_HUMAN	0.9161931	0
aztreonam	NAMPT_HUMAN	0.9161931	0
meperidine	NMD3A_HUMAN	0.9483795	0
meperidine	NMDE3_RAT	0.9794806	0
meperidine	NMDE4_RAT	0.9161931	0
amsacrine	LOX15_RABIT	0.9854718	0
amsacrine	XDH_BOVIN	0.9161931	0
pentamidine	ACM1_HUMAN	0.9794806	0
pentamidine	AOFB_HUMAN	0.9794806	0
pentamidine	THAS_HUMAN	0.9921758	0
Lariam	AA2BR_HUMAN	0.9854718	0
triclosan	ABCG2_HUMAN	0.9161931	0
oxybutynin	CP2C9_HUMAN	0.9161931	0
cephalothin	ARGI1_HUMAN	0.9855769	0
cephalothin	ARGI2_HUMAN	0.9411765	0
papaverine	PDE9A_HUMAN	0.9794806	0
AMILORIDE	AOFB_HUMAN	0.9921758	0
AMILORIDE	S5A2_HUMAN	0.9794806	0
AMILORIDE	ISPT_STRPN	0.9794806	0
AMILORIDE	LUCI_PHOPY	1.581461	0
AMILORIDE	AOC3_HUMAN	1.708775	0
rivastigmine	ACES_TORCA	0.9161931	0
AC1NJHTG	SFRP1_HUMAN	0.9813295	0
AC1NJHTG	PABP1_HUMAN	0.9870714	0
AC1NJHTG	GYRB_STAAU	0.9794806	0
famotidine	THAS_HUMAN	0.9921758	0
famotidine	HRH1_HUMAN	0.9483795	0
famotidine	CMA1_HUMAN	0.9483795	0
famotidine	HRH1_CAVPO	0.9794806	0
CHEBI:58448	CALRL_HUMAN	0.9925621	0
hydroxychloroquine	ACM1_HUMAN	0.9161931	0
hydroxychloroquine	LOX5_RAT	0.9813295	0
brimonidine	ADA1A_HUMAN	0.9854718	0
brimonidine	ADA1B_HUMAN	0.9483795	0
pyrilamine	SC6A2_HUMAN	0.9483795	0
pyrilamine	CMA1_HUMAN	0.9483795	0
zafirlukast	ERBB2_HUMAN	0.9161931	0
zafirlukast	CCR8_HUMAN	0.9161931	0
zafirlukast	MAPK2_HUMAN	0.9794806	0
zafirlukast	HMDH_RAT	0.9854718	0
pergolide	5HT1A_RAT	0.9161931	0
pergolide	5HT7R_HUMAN	0.9161931	0
modafinil	SC6A4_HUMAN	0.9921758	0
moclobemide	AOFB_HUMAN	0.9794806	0
Plerixafor	CCR1_HUMAN	0.9794806	0
fluoxymesterone	ESR2_HUMAN	0.9483795	0
fenofibrate	SC6A4_HUMAN	0.9813295	0
fenofibrate	PPARD_HUMAN	0.9161931	0
clemastine	ACM1_HUMAN	0.9794806	0
clemastine	CP2C9_HUMAN	0.9161931	0
clemastine	ACM2_HUMAN	0.9794806	0
clemastine	ADA1A_HUMAN	0.9483795	0
clemastine	ADA1B_HUMAN	0.9161931	0
ketamine	DRD3_HUMAN	0.9161931	0
ketamine	5HT1A_RAT	0.9925621	0
ketamine	5HT1B_RAT	0.9854718	0
zolpidem	GBRA1_BOVIN	0.9854718	0
zolpidem	GBRB1_BOVIN	0.9854718	0
zolpidem	GBRA2_BOVIN	0.9854718	0
zolpidem	GBRA3_BOVIN	0.9854718	0
zolpidem	GBRB1_RAT	0.9161931	0
zolpidem	GBRA4_BOVIN	0.9854718	0
zolpidem	GBRG2_BOVIN	0.9854718	0
nicardipine	CAC1C_RABIT	0.9925621	0
nicardipine	CAC1D_RAT	0.9813295	0
Dasatinib	TIE2_HUMAN	0.9483795	0
ketotifen	DRD2_HUMAN	0.9854718	0
ketotifen	PDE3A_HUMAN	0.9925621	0
ketotifen	ADA2C_HUMAN	0.9161931	0
docetaxel	B2CL1_HUMAN	0.9925621	0
docetaxel	FPPS_HUMAN	0.9483795	0
docetaxel	NK1R_HUMAN	0.9813295	0
theophylline	PDE4D_HUMAN	0.9794806	0
theophylline	LUXR_ALIFS	0.9870714	0
theophylline	TRAR_RHIRD	0.9921758	0
theophylline	AA1R_RAT	0.9925621	0
theophylline	BRS3_HUMAN	0.9794806	0
theophylline	LUXS_VIBF1	0.9854718	0
theophylline	AA1R_BOVIN	0.9161931	0
promazine	SC6A3_HUMAN	0.9794806	0
foscarnet	CASR_HUMAN	0.9921758	0
foscarnet	PA24A_HUMAN	0.9925621	0
ibudilast	PDE7A_HUMAN	0.9161931	0
glyburide	SGMR1_HUMAN	0.9161931	0
glyburide	ABCC8_RAT	0.9854718	0
glyburide	KCMA1_HUMAN	0.9870714	0
glyburide	S29A1_HUMAN	0.9925621	0
Dronedarone	ADA1B_RAT	0.9483795	0
Dronedarone	ADA1D_RAT	0.9794806	0
Dronedarone	CAC1C_CAVPO	0.9794806	0
Dronedarone	CAC1C_RABIT	1.55597	0
Dronedarone	CAC1D_RAT	1.689615	0
Dronedarone	CAC1C_RAT	0.9851301	0
Dronedarone	CAC1B_RAT	0.9161931	0
trimipramine	DRD3_HUMAN	0.9854718	0
trimipramine	ADA1B_RAT	0.9483795	0
trimipramine	ADA1D_RAT	0.9483795	0
trimipramine	ADA2C_HUMAN	0.9794806	0
trimipramine	5HT2B_HUMAN	0.9854718	0
trimipramine	5HT1B_HUMAN	0.9161931	0
trimipramine	ADA1D_HUMAN	0.9794806	0
ZINC04097225	NAMPT_HUMAN	0.9854718	0
ZINC04097225	PUR2_HUMAN	0.9794806	0
ZINC04097225	PBP2_STRR6	0.9483795	0
ZINC04097225	FTSI_ECOLI	0.9161931	0
ZINC04097225	PBPA_STRR6	0.9483795	0
ZINC04097225	PBPA_CLOPE	0.9854718	0
ZINC04097225	Q75Y35_STREE	0.9794806	0
ZINC04097225	Q7CRA4_STRR6	0.9161931	0
ZINC04097225	Q8DNB6_STRR6	0.9483795	0
Crystal violet	SC6A4_HUMAN	0.9854718	0
Crystal violet	AA2BR_HUMAN	0.9161931	0
Crystal violet	5HT2C_HUMAN	0.9161931	0
Crystal violet	5HT2B_HUMAN	0.9161931	0
Crystal violet	HRH1_HUMAN	0.9483795	0
Crystal violet	ADA1A_HUMAN	0.9161931	0
flumazenil	GBRB1_RAT	0.9161931	0
flumazenil	GBRA2_RAT	0.9854718	0
flumazenil	GBRB3_RAT	0.9483795	0
Olopatadine	CMA1_HUMAN	0.9794806	0
norfloxacin	MGLL_HUMAN	0.9794806	0
norfloxacin	SFRP1_HUMAN	0.9870714	0
norfloxacin	PABP1_HUMAN	0.9851301	0
norfloxacin	GYRB_STAAU	0.9854718	0
zonisamide	BKRB2_CAVPO	0.9813295	0
zonisamide	CAN_CANAL	0.9925621	0
zonisamide	NPY5R_HUMAN	0.9925621	0
zonisamide	SCNAA_HUMAN	0.9483795	0
zonisamide	SCN8A_HUMAN	0.9794806	0
zonisamide	CAH5A_MOUSE	0.9794806	0
zonisamide	CAH5B_MOUSE	0.9854718	0
zonisamide	CAH15_MOUSE	0.9921758	0
zonisamide	CAH13_MOUSE	0.9921758	0
zonisamide	CYNT_HELPY	0.9854718	0
zonisamide	CAN_YEAST	0.9794806	0
zonisamide	CAH_METTE	0.9161931	0
Agomelatine	P2Y14_MOUSE	0.9794806	0
Retigabine	AK1C3_HUMAN	0.9925621	0
clofibrate	PPARG_HUMAN	0.9794806	0
ENPROFYLLINE	PDE4D_HUMAN	0.9794806	0
Samsca	V1BR_HUMAN	0.9794806	0
dichlorphenamide	CAH3_HUMAN	0.9921758	0
dichlorphenamide	CAH1_HUMAN	0.9161931	0
dichlorphenamide	CAH2_HUMAN	0.9925621	0
decamethonium	ACES_RAT	0.9925621	0
tazarotene	DNMT1_HUMAN	1.957468	0
tazarotene	RXRA_HUMAN	0.9921758	0
Nabilone	CNR1_RAT	0.9851301	0
brotizolam	PTAFR_CAVPO	0.9411765	0
ZINC03806104	ITAV_HUMAN	0.9854718	0
ZINC03806104	ITB6_HUMAN	0.9794806	0
ZINC03806104	AMPC_PSEAE	0.9854718	0
ZINC03806104	S12A5_RAT	0.9161931	0
pentostatin	TRPV1_RAT	0.9855769	0
ZINC03807172	UROK_HUMAN	0.9925621	0
ZINC03807172	PLMN_HUMAN	0.9854718	0
Ezetimibe	AMPN_PIG	0.9854718	0
Ezetimibe	CDC7_HUMAN	0.9483795	0
Ezetimibe	SOAT1_RAT	0.9161931	0
retinol	DNMT1_HUMAN	2.419324	0
retinol	IL8_HUMAN	0.9921758	0
retinol	RXRA_HUMAN	0.9411765	0
retinol	RARA_HUMAN	0.9925621	0
retinol	RARB_HUMAN	0.9854718	0
retinol	RARG_HUMAN	0.9794806	0
retinol	FABP4_HUMAN	0.9854718	0
retinol	RABP1_CHICK	0.9161931	0
LEVOSIMENDAN	KCNJ1_HUMAN	0.9925621	0
LEVOSIMENDAN	KCMA1_HUMAN	0.9161931	0
Dutasteride	SL9A1_HUMAN	0.9854718	0
Ramelteon	P2Y14_MOUSE	0.9483795	0
pancuronium	ACM1_HUMAN	0.9794806	0
pancuronium	MAP2_HUMAN	1.601464	0
pancuronium	KCNN4_HUMAN	0.9854718	0
pancuronium	KCNN3_RAT	0.9851301	0
nitrazepam	GBRA2_RAT	0.9161931	0
Vitamin D3	CRFR1_HUMAN	0.9483795	0
phenol	CAH1_HUMAN	0.9794806	0
phenol	CAH2_HUMAN	0.9925621	0
phenol	CAH14_HUMAN	0.9483795	0
latanoprost	PE2R3_HUMAN	0.9483795	0
Gentian violet cation	CCNA2_HUMAN	0.9483795	0
Gentian violet cation	DYR1A_HUMAN	0.9483795	0
Gentian violet cation	CP1B1_HUMAN	0.9161931	0
tizanidine	CFTR_HUMAN	0.9794806	0
tizanidine	5HT2B_HUMAN	0.9870714	0
tizanidine	ADA1A_HUMAN	0.9161931	0
loxapine	ADA1B_RAT	0.9794806	0
loxapine	ADA1D_RAT	0.9794806	0
loxapine	5HT2B_HUMAN	0.9794806	0
loxapine	HRH3_HUMAN	0.9794806	0
loxapine	5HT1B_RAT	0.9925621	0
loxapine	ADA1D_HUMAN	0.9794806	0
Octreotide	KS6A3_HUMAN	0.9483795	0
Octreotide	SSR4_HUMAN	0.9161931	0
Octreotide	SSR3_HUMAN	0.9483795	0
tetrahydrofolic acid	HDAC8_HUMAN	0.9411765	0
tetrahydrofolic acid	NTCP2_HUMAN	0.9161931	0
tetrahydrofolic acid	NMT_CANAL	0.9411765	0
tetrahydrofolic acid	EHMT2_HUMAN	0.9921758	0
Pyruvic acid	HDAC6_HUMAN	1.527395	0
Pyruvic acid	HDAC8_HUMAN	2.763867	0
Pyruvic acid	NMT1_HUMAN	0.9411765	0
Pyruvic acid	NMT_CANAL	2.697658	0
Pyruvic acid	EHMT2_HUMAN	2.202245	0
Pyruvic acid	EHMT1_HUMAN	0.9161931	0
biotin	HDAC8_HUMAN	0.9161931	0
biotin	ACACA_RAT	0.9794806	0
L-arginine	NOS1_HUMAN	0.9925621	0
L-arginine	ADK_HUMAN	0.9483795	0
L-arginine	ARGI1_HUMAN	0.9483795	0
ascorbic acid	LOX15_RABIT	3.098807	0
ascorbic acid	BTK_HUMAN	2.423539	0
ascorbic acid	MMP13_HUMAN	1.837015	0
ascorbic acid	SPHK2_HUMAN	0.9813295	0
ascorbic acid	SPHK1_HUMAN	0.9855769	0
ascorbic acid	TOP2A_HUMAN	2.511233	0
ascorbic acid	TPH1_HUMAN	0.9855769	0
ascorbic acid	KCNQ1_CAVPO	0.9870714	0
ascorbic acid	KMO_RAT	0.9854718	0
L-aspartic acid	EGLN1_HUMAN	2.322441	0
L-aspartic acid	SPHK2_HUMAN	1.66865	0
L-aspartic acid	SPHK1_HUMAN	1.940618	0
L-aspartic acid	CAC1C_CAVPO	0.9483795	0
L-aspartic acid	ADK_HUMAN	1.816659	0
L-aspartic acid	BMP1_HUMAN	1.0	0
L-aspartic acid	BODG_HUMAN	0.9925621	0
L-aspartic acid	EAA1_HUMAN	0.9870714	0
L-aspartic acid	NPSR1_HUMAN	0.9854718	0
L-aspartic acid	POLG_WNV	0.9854718	0
L-aspartic acid	EAA2_HUMAN	0.9161931	0
L-aspartic acid	EGLN3_HUMAN	0.9921758	0
SCHEMBL11234899	BMP1_HUMAN	0.9813295	0
L-Met	MGLL_RAT	0.9161931	0
L-Met	MGLL_HUMAN	1.506189	0
UNII-V956696549	SENP1_HUMAN	0.9813295	0
UNII-V956696549	NLRP3_HUMAN	0.9854718	0
UNII-V956696549	SMG1_HUMAN	0.9483795	0
UNII-V956696549	GPBAR_HUMAN	0.9483795	0
glutathione	AL5AP_HUMAN	1.591239	0
glutathione	PTGES_HUMAN	0.9483795	0
glutathione	CETP_RABIT	3.63459	0
glutathione	FDFT_RAT	0.9161931	0
glutathione	ITAL_HUMAN	0.9813295	0
glutathione	CETP_HUMAN	5.474262	0
glutathione	PFKA_TRYBB	0.9130435	0
Phosphatidylserine	HYES_HUMAN	0.9130435	0
Phosphatidylserine	QPCT_HUMAN	0.9483795	0
L-leucine	PLD2_HUMAN	0.9813295	0
L-leucine	PLD1_HUMAN	0.9813295	0
L-citrulline	ADK_HUMAN	1.983659	0
L-citrulline	POLG_WNV	0.9921758	0
alpha-Tocopherol	FPPS_HUMAN	0.9130435	0
alpha-Tocopherol	A4_HUMAN	0.9925621	0
alpha-Tocopherol	PP1A_HUMAN	0.9854718	0
(2S,3S)-2-ammonio-3-methylpentanoate	MDM2_HUMAN	0.9854718	0
(2S,3S)-2-ammonio-3-methylpentanoate	PLD2_HUMAN	0.9921758	0
(2S,3S)-2-ammonio-3-methylpentanoate	PLD1_HUMAN	0.9921758	0
L-proline	MMP13_HUMAN	2.62774	0
L-proline	PGDH_HUMAN	0.9161931	0
L-proline	EGLN1_HUMAN	2.916395	0
L-proline	LRRK2_HUMAN	0.9483795	0
L-proline	SPHK2_HUMAN	2.094116	0
L-proline	SPHK1_HUMAN	2.435873	0
L-proline	ALDR_RAT	0.9794806	0
L-proline	BODG_HUMAN	0.9855769	0
L-proline	ALKB3_HUMAN	1.642966	0
L-proline	KMO_RAT	0.9130435	0
L-proline	EGLN3_HUMAN	0.9411765	0
nicotine	TYTR_TRYCR	1.52596	0
nicotine	ACH4_DROME	0.9483795	0
nicotine	ACHD_TORCA	0.9483795	0
nicotine	ERR2_HUMAN	0.9921758	0
nicotine	ERR1_HUMAN	0.9130435	0
nicotine	ACHA4_MOUSE	0.9161931	0
cevimelina	ACM2_HUMAN	0.9483795	0
Tramadol	SC6A3_HUMAN	0.9483795	0
HYDROXOCOBALAMIN	MGLL_RAT	0.9854718	0
HYDROXOCOBALAMIN	MGLL_HUMAN	1.845511	0
HYDROXOCOBALAMIN	HDAC8_HUMAN	0.9813295	0
HYDROXOCOBALAMIN	NMT_CANAL	0.9813295	0
HYDROXOCOBALAMIN	EHMT2_HUMAN	0.9794806	0
ADAPALENE	DNMT1_HUMAN	1.974106	0
midodrine	ADA2A_HUMAN	0.9794806	0
midodrine	ADA2C_HUMAN	0.9161931	0
midodrine	ADA2B_HUMAN	0.9161931	0
Eletriptan	5HT1A_RAT	0.9854718	0
Eletriptan	ITA4_HUMAN	0.9161931	0
Eletriptan	5HT1B_RAT	0.9161931	0
oxyphenonium	ACM2_HUMAN	0.9161931	0
glimepiride	KCMA1_HUMAN	0.9483795	0
enflurane	MAP2_HUMAN	0.9925621	0
enflurane	GRIA2_HUMAN	0.9483795	0
enflurane	GRIK2_HUMAN	0.9161931	0
methyclothiazide	CAH12_HUMAN	0.9483795	0
methyclothiazide	CAH9_HUMAN	0.9794806	0
4-Aminosalicylic acid	IKKB_HUMAN	0.9794806	0
cabergoline	ADA1B_RAT	0.9794806	0
cabergoline	ADA1D_RAT	0.9794806	0
cefmenoxime	ARGI2_HUMAN	0.9161931	0
BETAZOLE	HRH1_HUMAN	0.9161931	0
BETAZOLE	CMA1_HUMAN	0.9161931	0
BETAZOLE	HRH1_CAVPO	0.9161931	0
cefmetazole	ARGI1_HUMAN	0.9855769	0
cefmetazole	ARGI2_HUMAN	0.9411765	0
cefmetazole	PBPA_CLOPE	0.9161931	0
cefmetazole	Q75Y35_STREE	0.9161931	0
acarbose	SUIS_RAT	0.9483795	0
ETONOGESTREL	ESR2_HUMAN	0.9483795	0
Ertapenem	PUR2_HUMAN	0.9794806	0
Ertapenem	ARGI2_HUMAN	1.517168	0
Ertapenem	PBP2_STRR6	0.9794806	0
Ertapenem	PBPA_STRR6	0.9483795	0
Ertapenem	PBPA_CLOPE	0.9854718	0
Ertapenem	Q75Y35_STREE	0.9854718	0
Ertapenem	Q7CRA4_STRR6	0.9483795	0
Ertapenem	Q8DNB6_STRR6	0.9483795	0
DESOGESTREL	ESR2_HUMAN	0.9794806	0
Bexarotene	DNMT1_HUMAN	1.635882	0
zolmitriptan	5HT1A_RAT	0.9794806	0
zolmitriptan	ITA4_HUMAN	0.9925621	0
piperacillin	ARGI1_HUMAN	0.9813295	0
piperacillin	ARGI2_HUMAN	0.9870714	0
Pimecrolimus	ALF_MYCTU	0.9854718	0
Pimecrolimus	ICMT_HUMAN	0.9794806	0
alfuzosin	ADA2A_HUMAN	0.9483795	0
Melengestro acetate	MCR_HUMAN	0.9483795	0
tetrahydrobiopterin	NOS1_HUMAN	0.9483795	0
tetrahydrobiopterin	NOS2_HUMAN	0.9794806	0
norepinephrine	ADA1B_RAT	0.9161931	0
norepinephrine	ADA1D_RAT	0.9483795	0
mirtazapine	OPRM_HUMAN	0.9483795	0
mirtazapine	DRD4_HUMAN	0.9161931	0
mirtazapine	ADA1B_RAT	0.9161931	0
mirtazapine	ADA1D_RAT	0.9483795	0
mirtazapine	HRH2_HUMAN	0.9161931	0
mirtazapine	ADA2B_HUMAN	0.9854718	0
mirtazapine	5HT1A_HUMAN	0.9925621	0
Treprostinil	PPARG_HUMAN	0.9854718	0
Treprostinil	PPARA_HUMAN	0.9483795	0
phenylephrine	ADA2A_HUMAN	0.9483795	0
Dexbrompheniramine	HRH1_CAVPO	0.9161931	0
Remoxipride	5HT2C_HUMAN	0.9483795	0
famciclovir	CASR_HUMAN	0.9921758	0
famciclovir	PA24A_HUMAN	0.9925621	0
cefpiramide	ARGI1_HUMAN	0.9855769	0
cefpiramide	ARGI2_HUMAN	0.9411765	0
cefpiramide	PBPA_CLOPE	0.9161931	0
cefpiramide	Q75Y35_STREE	0.9161931	0
BENDROFLUMETHIAZIDE	KCNJ1_HUMAN	0.9794806	0
BENDROFLUMETHIAZIDE	CAH12_HUMAN	0.9483795	0
BENDROFLUMETHIAZIDE	CAH9_HUMAN	0.9854718	0
Acitretin	DNMT1_HUMAN	2.209329	0
dicloxacillin	ARGI1_HUMAN	0.9851301	0
dicloxacillin	ARGI2_HUMAN	0.9855769	0
dicloxacillin	PBPA_CLOPE	0.9161931	0
fosinopril	LKHA4_HUMAN	0.9161931	0
Acetyldiginatin	PGDH_HUMAN	0.9921758	0
Acetyldiginatin	LRRK2_HUMAN	0.9813295	0
guanidine	LIPE_HUMAN	0.9870714	0
guanidine	PSDE_HUMAN	0.9130435	0
guanidine	DEF_STAAU	0.9794806	0
guanidine	AL3A1_HUMAN	0.9161931	0
guanidine	PI2R_HUMAN	0.9854718	0
toremifene	ESR2_HUMAN	0.9483795	0
ADINAZOLAM	GBRA4_HUMAN	0.9921758	0
ADINAZOLAM	GBRA6_HUMAN	0.9921758	0
ADINAZOLAM	GBRT_HUMAN	0.9854718	0
AC1O6OSE	ARGI1_HUMAN	0.9851301	0
AC1O6OSE	ARGI2_HUMAN	0.9855769	0
AC1O6OSE	PBPA_CLOPE	0.9161931	0
L-carnitine	PPCE_HUMAN	0.9161931	0
L-carnitine	SEPR_MOUSE	0.9161931	0
L-carnitine	SGMR1_HUMAN	1.665859	0
L-carnitine	NMDE2_RAT	0.9925621	0
L-carnitine	XDH_BOVIN	0.9483795	0
L-carnitine	FNTA_HUMAN	0.9161931	0
Cinalukast	HMDH_HUMAN	0.9161931	0
Cinalukast	HMDH_RAT	0.9813295	0
thiopental	FAAH1_RAT	0.9794806	0
thiopental	GBRP_HUMAN	0.9483795	0
thiopental	GBRD_HUMAN	0.9483795	0
thiopental	GBRB1_HUMAN	0.9483795	0
thiopental	GBRG2_HUMAN	0.9794806	0
thiopental	GBRB3_HUMAN	0.9854718	0
thiopental	GBRB2_HUMAN	0.9483795	0
thiopental	GBRE_HUMAN	0.9483795	0
thiopental	GBRG1_HUMAN	0.9483795	0
thiopental	GBRG3_HUMAN	0.9483795	0
thiopental	GBRT_HUMAN	0.9483795	0
cyclothiazide	CAH12_HUMAN	0.9161931	0
cyclothiazide	CAH9_HUMAN	0.9794806	0
Baciguent	BCL2_HUMAN	0.9854718	0
Baciguent	B2CL1_HUMAN	0.9921758	0
Pemetrexed	NTCP2_HUMAN	0.9161931	0
dyphylline	AA2BR_HUMAN	0.9921758	0
MAGNESIUM SULFATE	CAC1B_HUMAN	0.9483795	0
MAGNESIUM SULFATE	CAC1C_RABIT	0.9411765	0
MAGNESIUM SULFATE	CAC1D_RAT	1.0	0
MAGNESIUM SULFATE	CAC1C_RAT	0.9794806	0
MAGNESIUM SULFATE	CAC1D_HUMAN	0.9161931	0
Acamprosate	NMDZ1_RAT	0.9161931	0
Acamprosate	NMDE2_RAT	0.9483795	0
Acamprosate	NMDE3_RAT	0.9925621	0
Acamprosate	NMDE4_RAT	0.9794806	0
Histamine diphosphate	CMA1_HUMAN	0.9794806	0
Histamine diphosphate	HRH1_CAVPO	0.9854718	0
ZINC12503149	MGLL_HUMAN	0.9483795	0
ZINC12503149	SFRP1_HUMAN	0.9161931	0
ZINC12503149	PABP1_HUMAN	0.9161931	0
mycophenolate mofetil	IMDH_CRYPV	0.9921758	0
MOEXIPRIL	ACE_RABIT	0.9161931	0
MOEXIPRIL	LKHA4_HUMAN	0.9925621	0
TAMSULOSIN	ADA2A_HUMAN	0.9794806	0
TAMSULOSIN	ADA2C_HUMAN	0.9161931	0
TAMSULOSIN	ADA2B_HUMAN	0.9161931	0
diethylcarbamazine	PGH2_HUMAN	0.9813295	0
oxacillin	PUR2_HUMAN	0.9483795	0
oxacillin	PBPA_ECOLI	0.9483795	0
oxacillin	PBPB_ECOLI	0.9161931	0
NEDOCROMIL	WEE1_HUMAN	0.9854718	0
NEDOCROMIL	HMDH_HUMAN	0.9925621	0
NEDOCROMIL	HMDH_RAT	1.0	0
procaine	SC6A4_HUMAN	0.9794806	0
procaine	MAP2_HUMAN	1.890293	0
procaine	SCN5A_HUMAN	0.9794806	0
procaine	MAP1_ECOLI	0.9794806	0
procaine	KCNN3_RAT	1.0	0
methoxamine	ADA2A_HUMAN	0.9794806	0
methoxamine	ADA2C_HUMAN	0.9161931	0
methoxamine	ADA2B_HUMAN	0.9161931	0
Rocuronium	ACM1_HUMAN	0.9483795	0
ZINC04102186	ARGI1_HUMAN	0.9855769	0
ZINC04102186	ARGI2_HUMAN	0.9411765	0
ZINC04102186	PBPA_CLOPE	0.9161931	0
carbinoxamine	HRH1_CAVPO	0.9161931	0
isoflurane	GRIA2_HUMAN	0.9483795	0
isoflurane	GRIK2_HUMAN	0.9161931	0
potassium chloride	CFTR_HUMAN	0.9813295	0
potassium chloride	5HT2B_HUMAN	0.9161931	0
potassium chloride	RET4_HUMAN	0.9483795	0
potassium chloride	ITAV_HUMAN	0.9813295	0
potassium chloride	ITB6_HUMAN	0.9921758	0
potassium chloride	AMPC_PSEAE	0.9870714	0
potassium chloride	S12A5_RAT	0.9925621	0
malathion	ACES_HUMAN	0.9925621	0
propiomazine	ADA2A_HUMAN	0.9794806	0
propiomazine	DRD3_HUMAN	0.9854718	0
propiomazine	ADA2C_HUMAN	0.9483795	0
propiomazine	ADA2B_HUMAN	0.9794806	0
acyclovir	CASR_HUMAN	0.9925621	0
acyclovir	PA24A_HUMAN	0.9854718	0
fenoldopam	DRD2_HUMAN	0.9925621	0
fenoldopam	DRD3_HUMAN	0.9483795	0
minaprine	AOFB_HUMAN	0.9925621	0
minaprine	DRD3_HUMAN	0.9161931	0
minaprine	CHLE_HUMAN	0.9161931	0
biperiden	ACM3_HUMAN	0.9161931	0
biperiden	ACM2_HUMAN	0.9161931	0
l-Menthol	TRPA1_RAT	0.9161931	0
l-Menthol	OPRM_HUMAN	0.9483795	0
l-Menthol	TRPM8_RAT	0.9483795	0
l-Menthol	MDR1_HUMAN	0.9161931	0
2-Aminoethanethiol	NPY1R_HUMAN	0.9794806	0
Mephobarbital	GBRP_HUMAN	0.9161931	0
Mephobarbital	GBRD_HUMAN	0.9161931	0
Mephobarbital	GBRB1_HUMAN	0.9161931	0
Mephobarbital	GBRG2_HUMAN	0.9483795	0
Mephobarbital	GBRB3_HUMAN	0.9794806	0
Mephobarbital	GBRB2_HUMAN	0.9483795	0
Mephobarbital	GBRE_HUMAN	0.9161931	0
Mephobarbital	GBRG1_HUMAN	0.9161931	0
Mephobarbital	GBRG3_HUMAN	0.9161931	0
Mephobarbital	GBRT_HUMAN	0.9161931	0
PSEUDOEPHEDRINE	NOD1_HUMAN	0.9854718	0
PSEUDOEPHEDRINE	CBPB2_HUMAN	0.9854718	0
benzaphetamine	SC6A2_HUMAN	0.9161931	0
benzaphetamine	SC6A4_HUMAN	0.9161931	0
flupentixolum	5HT2C_HUMAN	0.9794806	0
flupentixolum	DRD3_HUMAN	0.9161931	0
chlorothiazide	CAH12_HUMAN	0.9483795	0
chlorothiazide	CAH9_HUMAN	0.9854718	0
bumetanide	5HT2B_HUMAN	0.9161931	0
bumetanide	ITAV_HUMAN	0.9483795	0
bumetanide	ITB6_HUMAN	0.9161931	0
bumetanide	AMPC_PSEAE	0.9483795	0
Oxybuprocaine	SCN5A_HUMAN	0.9794806	0
ethanol	GBRG2_HUMAN	0.9925621	0
ethanol	KCNJ1_HUMAN	1.594623	0
ethanol	TYTR_TRYCR	0.9130435	0
ethanol	TYPH_HUMAN	0.9411765	0
ethanol	GRIA1_RAT	0.9161931	0
ethanol	ABCC8_RAT	0.9921758	0
ethanol	CAC1C_RABIT	0.9855769	0
ethanol	CAC1D_RAT	0.9130435	0
ethanol	KCMA1_HUMAN	0.9855769	0
ethanol	5HT3A_RAT	0.9854718	0
ethanol	5HT3B_RAT	0.9854718	0
ethanol	ERR2_HUMAN	0.9794806	0
ethanol	ERR1_HUMAN	0.9870714	0
ethanol	CAC1C_RAT	0.9794806	0
ethanol	ABCC8_HUMAN	0.9794806	0
ethanol	GRIK2_HUMAN	0.9794806	0
ethanol	KCJ11_HUMAN	0.9794806	0
ANILERIDINE	OPRK_HUMAN	0.9161931	0
cyclobenzaprine	5HT2C_HUMAN	0.9483795	0
hexafluorenium	ACES_HUMAN	0.9925621	0
cycrimine	ACM3_HUMAN	0.9161931	0
cycrimine	ACM2_HUMAN	0.9161931	0
CHEBI:31638	ESR2_HUMAN	0.9483795	0
MEZLOCILLIN	ARGI1_HUMAN	0.9925621	0
MEZLOCILLIN	ARGI2_HUMAN	0.9921758	0
felbamate	NMDE3_RAT	0.9161931	0
naratriptan	5HT1A_RAT	0.9794806	0
naratriptan	ITA4_HUMAN	0.9925621	0
rizatriptan	5HT1A_RAT	0.9483795	0
HYDROCODONE	OPRK_HUMAN	0.9483795	0
NORGESTIMATE	ESR2_HUMAN	0.9483795	0
DACTINOMYCIN	LOX15_RABIT	0.9483795	0
lomefloxacin	MGLL_HUMAN	0.9483795	0
lomefloxacin	SFRP1_HUMAN	0.9161931	0
lomefloxacin	PABP1_HUMAN	0.9483795	0
Frovatriptan	5HT1A_RAT	0.9161931	0
ciclacillin	ARGI1_HUMAN	0.9921758	0
ciclacillin	ARGI2_HUMAN	0.9921758	0
Cinacalcet	PA24A_HUMAN	0.9483795	0
bethanechol	ACM1_HUMAN	0.9161931	0
trichlormethiazide	CAH12_HUMAN	0.9483795	0
trichlormethiazide	CAH9_HUMAN	0.9794806	0
trichlormethiazide	LRRK2_HUMAN	0.9161931	0
methoxyflurane	GRIA2_HUMAN	0.9483795	0
methoxyflurane	GRIK2_HUMAN	0.9161931	0
irbesartan	AGTR1_RABIT	0.9483795	0
ethinamate	CAH9_HUMAN	0.9483795	0
novobiocin	SFRP1_HUMAN	0.9161931	0
novobiocin	PABP1_HUMAN	0.9161931	0
Echothiophate	ACES_HUMAN	0.9854718	0
Cefditoren	ARGI1_HUMAN	0.9161931	0
Cefditoren	ARGI2_HUMAN	0.9161931	0
glipizide	KCNJ1_HUMAN	0.9161931	0
glipizide	PPARA_HUMAN	0.9161931	0
deslanoside	PGDH_HUMAN	0.9161931	0
deslanoside	LRRK2_HUMAN	0.9483795	0
DIPHENOXYLATE	OPRK_HUMAN	0.9794806	0
streptomycin	ADK_HUMAN	0.9921758	0
streptomycin	BMP1_HUMAN	0.9161931	0
Pentolinium	TYTR_TRYCR	0.9161931	0
Pentolinium	TYPH_HUMAN	0.9161931	0
ZB014486	CMA1_HUMAN	0.9161931	0
ZB014486	HRH1_CAVPO	0.9161931	0
Trilostane	SL9A1_HUMAN	0.9161931	0
Trilostane	S5A2_HUMAN	0.9161931	0
diazoxide	KCNJ1_HUMAN	0.9925621	0
diazoxide	CAH9_HUMAN	0.9483795	0
proguanil	DYR_CANAX	0.9161931	0
ZINC03776970	ARGI1_HUMAN	0.9925621	0
ZINC03776970	ARGI2_HUMAN	0.9925621	0
thiamylal	KCNJ1_HUMAN	0.9483795	0
Bretylium	LRRK2_HUMAN	0.9161931	0
CHLOROPROCAINE	SC6A4_HUMAN	0.9921758	0
CHLOROPROCAINE	SCN5A_HUMAN	0.9483795	0
Oxyde Arsenieux	MAPK2_HUMAN	0.9870714	0
phenobarbital	NMDE2_RAT	0.9161931	0
phenobarbital	NMDE3_RAT	0.9854718	0
phenobarbital	NMDE4_RAT	0.9483795	0
rescinnamine	LKHA4_HUMAN	0.9161931	0
CICLOPIROX	LRRK2_HUMAN	0.9161931	0
DESFLURANE	GRIA2_HUMAN	0.9483795	0
DESFLURANE	GRIK2_HUMAN	0.9161931	0
Brinzolamide	CAH12_HUMAN	0.9483795	0
Brinzolamide	CAH9_HUMAN	0.9483795	0
Brinzolamide	CAH14_HUMAN	0.9161931	0
zopiclone	GBRG2_HUMAN	0.9161931	0
zopiclone	GBRB3_HUMAN	0.9483795	0
zopiclone	GBRB2_HUMAN	0.9161931	0
zopiclone	GBRA4_HUMAN	0.9483795	0
zopiclone	GBRA6_HUMAN	0.9483795	0
RIDOGREL	PD2R_HUMAN	0.9161931	0
4-Methylpyrazole	PAI1_HUMAN	0.9794806	0
4-Methylpyrazole	UBE2N_HUMAN	1.785322	0
4-Methylpyrazole	DEF_PSEAE	0.9854718	0
aminophylline	AA2BR_HUMAN	0.9794806	0
Mivacurium	ACES_HUMAN	0.9921758	0
Mivacurium	ACM1_HUMAN	0.9794806	0
sevoflurane	GRIA2_HUMAN	0.9483795	0
sevoflurane	GRIK2_HUMAN	0.9161931	0
Gliquidone	KCNJ1_HUMAN	0.9921758	0
Gliquidone	KCMA1_HUMAN	0.9483795	0
145375-43-5	PPARA_HUMAN	0.9483795	0
Lisdexamfetamine	SC6A4_HUMAN	0.9483795	0
Varenicline	TYTR_TRYCR	0.9794806	0
Varenicline	TYPH_HUMAN	0.9794806	0
Varenicline	ERR1_HUMAN	0.9161931	0
D-Glucosamine	MMP2_HUMAN	0.9161931	0
D-Glucosamine	NOD1_HUMAN	0.9483795	0
SULFADOXINE	PA2GA_HUMAN	0.9794806	0
QUINETHAZONE	CAH12_HUMAN	0.9161931	0
QUINETHAZONE	CAH9_HUMAN	0.9854718	0
cefazolin	ARGI1_HUMAN	0.9870714	0
cefazolin	ARGI2_HUMAN	0.9851301	0
CEFONICID	ARGI1_HUMAN	0.9851301	0
CEFONICID	ARGI2_HUMAN	0.9851301	0
Cefobid	PUR2_HUMAN	0.9854718	0
Cefobid	ARGI1_HUMAN	1.501121	0
Cefobid	ARGI2_HUMAN	1.536645	0
Cefobid	PBP2_STRR6	0.9794806	0
Cefobid	PBPA_STRR6	0.9483795	0
Cefobid	PBPA_CLOPE	0.9854718	0
Cefobid	Q75Y35_STREE	0.9854718	0
Cefobid	Q7CRA4_STRR6	0.9483795	0
Cefobid	Q8DNB6_STRR6	0.9483795	0
cefoxitin	PUR2_HUMAN	0.9925621	0
cefoxitin	ARGI1_HUMAN	1.604288	0
cefoxitin	ARGI2_HUMAN	1.64227	0
cefoxitin	PBPX_STRPN	0.9161931	0
cefoxitin	PBP2_ECOLI	0.9161931	0
cefoxitin	PBPA_CLOPE	0.9921758	0
ceftizoxime	ARGI1_HUMAN	0.9925621	0
ceftizoxime	ARGI2_HUMAN	0.9921758	0
PIPECURONIUM	ACM1_HUMAN	0.9794806	0
ZINC03781951	LKHA4_HUMAN	0.9794806	0
ZINC04217459	LKHA4_HUMAN	0.9794806	0
TASOSARTAN	AGTR1_RABIT	0.9794806	0
amobarbital	GBRP_HUMAN	0.9483795	0
amobarbital	GBRD_HUMAN	0.9483795	0
amobarbital	GBRB1_HUMAN	0.9483795	0
amobarbital	GBRG2_HUMAN	0.9794806	0
amobarbital	GBRB3_HUMAN	0.9794806	0
amobarbital	GBRB2_HUMAN	0.9483795	0
amobarbital	GBRE_HUMAN	0.9483795	0
amobarbital	GBRG1_HUMAN	0.9483795	0
amobarbital	GBRG3_HUMAN	0.9483795	0
amobarbital	GBRT_HUMAN	0.9483795	0
APROBARBITAL	GBRP_HUMAN	0.9483795	0
APROBARBITAL	GBRD_HUMAN	0.9483795	0
APROBARBITAL	GBRB1_HUMAN	0.9483795	0
APROBARBITAL	GBRG2_HUMAN	0.9794806	0
APROBARBITAL	GBRB3_HUMAN	0.9854718	0
APROBARBITAL	GBRB2_HUMAN	0.9483795	0
APROBARBITAL	GBRE_HUMAN	0.9483795	0
APROBARBITAL	GBRG1_HUMAN	0.9483795	0
APROBARBITAL	GBRG3_HUMAN	0.9483795	0
APROBARBITAL	GBRT_HUMAN	0.9483795	0
Butethal	GBRP_HUMAN	0.9483795	0
Butethal	GBRD_HUMAN	0.9483795	0
Butethal	GBRB1_HUMAN	0.9483795	0
Butethal	GBRG2_HUMAN	0.9794806	0
Butethal	GBRB3_HUMAN	0.9794806	0
Butethal	GBRB2_HUMAN	0.9483795	0
Butethal	GBRE_HUMAN	0.9483795	0
Butethal	GBRG1_HUMAN	0.9483795	0
Butethal	GBRG3_HUMAN	0.9483795	0
Butethal	GBRT_HUMAN	0.9483795	0
Heptabarbital	GBRP_HUMAN	0.9483795	0
Heptabarbital	GBRD_HUMAN	0.9483795	0
Heptabarbital	GBRB1_HUMAN	0.9483795	0
Heptabarbital	GBRG2_HUMAN	0.9794806	0
Heptabarbital	GBRB3_HUMAN	0.9794806	0
Heptabarbital	GBRB2_HUMAN	0.9483795	0
Heptabarbital	GBRE_HUMAN	0.9483795	0
Heptabarbital	GBRG1_HUMAN	0.9483795	0
Heptabarbital	GBRG3_HUMAN	0.9483795	0
Heptabarbital	GBRT_HUMAN	0.9483795	0
Hexobarbital	GBRP_HUMAN	0.9483795	0
Hexobarbital	GBRD_HUMAN	0.9483795	0
Hexobarbital	GBRB1_HUMAN	0.9483795	0
Hexobarbital	GBRG2_HUMAN	0.9794806	0
Hexobarbital	GBRB3_HUMAN	0.9794806	0
Hexobarbital	GBRB2_HUMAN	0.9483795	0
Hexobarbital	GBRE_HUMAN	0.9483795	0
Hexobarbital	GBRG1_HUMAN	0.9483795	0
Hexobarbital	GBRG3_HUMAN	0.9483795	0
Hexobarbital	GBRT_HUMAN	0.9483795	0
MEPHENTERMINE	ADA1B_RAT	0.9483795	0
MEPHENTERMINE	ADA1D_RAT	0.9794806	0
ALUMINUM	PGDH_HUMAN	0.9161931	0
ALUMINUM	LRRK2_HUMAN	0.9483795	0
Drospirenone	GCR_HUMAN	0.9794806	0
Levomepromazine	ADA1B_RAT	0.9161931	0
Levomepromazine	ADA1D_RAT	0.9161931	0
Levomepromazine	5HT2B_HUMAN	0.9161931	0
ONO-RS 411	HMDH_HUMAN	0.9854718	0
ONO-RS 411	XDH_BOVIN	0.9161931	0
ONO-RS 411	NOD1_HUMAN	0.9794806	0
ONO-RS 411	HMDH_RAT	0.9130435	0
theobromine	AA2BR_HUMAN	0.9855769	0
theobromine	PDE4D_HUMAN	0.9161931	0
cefepime	ARGI1_HUMAN	0.9854718	0
cefepime	ARGI2_HUMAN	0.9854718	0
Cephacetrile	ARGI1_HUMAN	0.9161931	0
Cephacetrile	ARGI2_HUMAN	0.9161931	0
ceftibuten	ARGI1_HUMAN	0.9870714	0
ceftibuten	ARGI2_HUMAN	0.9851301	0
allylestrenol	ESR2_HUMAN	0.9794806	0
Fencamfamin	SC6A4_HUMAN	0.9851301	0
clotiazepam	GBRA4_HUMAN	0.9813295	0
clotiazepam	GBRA6_HUMAN	0.9921758	0
clotiazepam	GBRT_HUMAN	0.9854718	0
fludiazepam	GBRA4_HUMAN	0.9921758	0
fludiazepam	GBRA6_HUMAN	0.9921758	0
fludiazepam	GBRT_HUMAN	0.9854718	0
KETAZOLAM	GBRP_HUMAN	0.9161931	0
KETAZOLAM	GBRG2_HUMAN	0.9483795	0
KETAZOLAM	GBRB3_HUMAN	0.9794806	0
KETAZOLAM	GBRA5_HUMAN	0.9483795	0
KETAZOLAM	GBRA3_HUMAN	0.9794806	0
KETAZOLAM	GBRA2_HUMAN	0.9794806	0
KETAZOLAM	GBRB2_HUMAN	0.9483795	0
KETAZOLAM	GBRA4_HUMAN	0.9794806	0
KETAZOLAM	GBRA6_HUMAN	0.9794806	0
KETAZOLAM	GBRG3_HUMAN	0.9161931	0
KETAZOLAM	GBRT_HUMAN	0.9161931	0
Cinolazepam	GBRA4_HUMAN	0.9921758	0
Cinolazepam	GBRA6_HUMAN	0.9921758	0
Cinolazepam	GBRT_HUMAN	0.9854718	0
methicillin	ARGI1_HUMAN	0.9855769	0
methicillin	ARGI2_HUMAN	0.9855769	0
methicillin	PBPA_CLOPE	0.9161931	0
Acetylpromazine	DRD3_HUMAN	0.9161931	0
MOLINDONE	5HT2C_HUMAN	0.9794806	0
pheniramine	HRH1_CAVPO	0.9161931	0
Pipotiazine	5HT2C_HUMAN	0.9483795	0
Pipotiazine	DRD3_HUMAN	0.9161931	0
Thioproperazine	5HT2C_HUMAN	0.9161931	0
Thioproperazine	DRD3_HUMAN	0.9161931	0
isopropamide	ACM1_HUMAN	0.9854718	0
isopropamide	ACM2_HUMAN	0.9483795	0
flavin adenine dinucleotide	KIF11_HUMAN	9.291951	0
Latamoxef	ARGI1_HUMAN	0.9794806	0
Latamoxef	ARGI2_HUMAN	0.9794806	0
QUINESTROL	ESR2_HUMAN	0.9794806	0
CHLOPHEDIANOL	HRH1_CAVPO	0.9161931	0
mepenzolate	ACM2_HUMAN	0.9483795	0
DB04894	KS6A3_HUMAN	0.9161931	0
DB04894	SSR3_HUMAN	0.9161931	0
Clevidipine	CAC1C_RABIT	1.0	0
Clevidipine	CAC1C_RAT	0.9854718	0
Permethrin	BKRB2_CAVPO	0.9925621	0
Ospemifene	ESR2_HUMAN	0.9794806	0
Tamibarotene	DNMT1_HUMAN	1.0	0
Iloperidone	5HT2C_HUMAN	0.9483795	0
LUCANTHONE	LT_SV40	0.9851301	0
LUCANTHONE	NR2E3_HUMAN	0.9483795	0
LUCANTHONE	VP16_HHV11	0.9161931	0
Ingenol mebutate	KPCB_HUMAN	0.9161931	0
Ingenol mebutate	KPCT_HUMAN	0.9161931	0
N-Acetyl-L-cysteine	NMD3B_HUMAN	0.9483795	0
N-Acetyl-L-cysteine	NMDZ1_RAT	0.9161931	0
N-Acetyl-L-cysteine	NMDE3_HUMAN	0.9483795	0
N-Acetyl-L-cysteine	NMDE2_RAT	0.9483795	0
N-Acetyl-L-cysteine	NMDE3_RAT	0.9921758	0
N-Acetyl-L-cysteine	NMDE4_RAT	0.9794806	0
Icatibant	AMPN_PIG	0.9925621	0
Icatibant	BKRB1_HUMAN	0.9870714	0
Icatibant	CDC7_HUMAN	0.9794806	0
Tapentadol	SC6A3_HUMAN	0.9794806	0
Silodosin	ADA2A_HUMAN	0.9794806	0
Silodosin	ADA2C_HUMAN	0.9161931	0
Silodosin	ADA2B_HUMAN	0.9161931	0
Sycrest	ADA1B_RAT	0.9483795	0
Sycrest	ADA1D_RAT	0.9794806	0
Sycrest	ADA1D_HUMAN	0.9483795	0
Sycrest	ADA1B_HUMAN	0.9161931	0
AC1OE4K8	ADA1B_RAT	0.9483795	0
AC1OE4K8	ADA1D_RAT	0.9794806	0
Sitaxentan	TTK_HUMAN	0.9854718	0
Sitaxentan	EDNRA_RAT	0.9483795	0
amisulpride	5HT2C_HUMAN	0.9794806	0
4-aminopyridine	PE2R1_HUMAN	0.9794806	0
4-aminopyridine	KCNJ1_HUMAN	1.937548	0
4-aminopyridine	ABCC8_RAT	0.9411765	0
4-aminopyridine	KCMA1_HUMAN	1.53228	0
4-aminopyridine	S29A1_HUMAN	0.9130435	0
4-aminopyridine	VCAM1_HUMAN	0.9794806	0
4-aminopyridine	ABCC8_HUMAN	0.9813295	0
4-aminopyridine	KCJ11_HUMAN	0.9921758	0
4-aminopyridine	ABCC9_HUMAN	0.9161931	0
4-aminopyridine	KCNJ8_HUMAN	0.9483795	0
Pasireotide	KS6A3_HUMAN	0.9854718	0
Pasireotide	SSR4_HUMAN	0.9794806	0
xylometazoline	ADA1D_RAT	0.9161931	0
Propylhexedrine	CCR4_HUMAN	0.9161931	0
Ketobemidone	NMDZ1_RAT	0.9161931	0
Ketobemidone	NMDE2_RAT	0.9483795	0
Ketobemidone	NMDE3_RAT	0.9921758	0
Ketobemidone	NMDE4_RAT	0.9854718	0
drotaverine	PDE7A_HUMAN	0.9854718	0
drotaverine	CAC1D_RAT	0.9161931	0
Alcaftadine	HRH1_CAVPO	0.9161931	0
Besifloxacin	MGLL_HUMAN	0.9925621	0
Besifloxacin	SFRP1_HUMAN	0.9921758	0
Besifloxacin	PABP1_HUMAN	0.9921758	0
Besifloxacin	GYRB_STAAU	0.9483795	0
chenodeoxycholic acid	CALRL_HUMAN	0.9483795	0
Azidocillin	ARGI1_HUMAN	0.9851301	0
Azidocillin	ARGI2_HUMAN	0.9855769	0
Azidocillin	PBPA_CLOPE	0.9161931	0
Cinitapride	5HT2C_HUMAN	0.9794806	0
tofisopam	PDE7A_HUMAN	0.9794806	0
Lurasidone	5HT2C_HUMAN	0.9925621	0
Lurasidone	DRD3_HUMAN	0.9794806	0
Lomitapide	FDFT_RAT	0.9925621	0
Rilpivirine	NR1H2_HUMAN	0.9794806	0
Rilpivirine	NR1H3_HUMAN	0.9794806	0
Carfilzomib	PLIN1_HUMAN	0.9130435	0
Carfilzomib	HNF4A_HUMAN	0.9925621	0
Macitentan	TTK_HUMAN	0.9794806	0
Macitentan	EDNRA_RAT	0.9161931	0
Dimetacrine	CHLE_HUMAN	0.9161931	0
CYTISINE	TYTR_TRYCR	0.9854718	0
CYTISINE	TYPH_HUMAN	0.9794806	0
CYTISINE	ERR1_HUMAN	0.9483795	0
